Provisional 2021 Winter BUEC Points Public : Winter,,,,,,,,,,,,,,,,,,,,,,,,,,,,,,,,,,,,,,,,,,,,,,,,,,,,,,,,,,,,,,,,,,,,,,,,,,,,,,,,,,,,,,,,,,,,,,,,,
,,,,,,,,,,,,,,,,,,,,,,,,,,,,,,,,,,,,,,,,,,,,,,,,,,,,,,,,,,,,,,,,,,,,,,,,,,,,,,,,,,,,,,,,,,,,,,,,,
,,,,,,,,,,,,,,,,,,,,,,,,,,,,,,,,,,,,,,,,,,,,,,,,,,,,,,,,,,,,,,,,,,,,,,,,,,,,,,,,,,,,,,,,,,,,,,,,,
,British University Esports Championship Winter Standings,,,,,,,,,,,,,,,,,,,,CS:GO,,,,,Dota 2,,,,,League of Legends,,,,,Overwatch,,,,,Rainbow 6 Siege,,,,,Rocket league,,,,,Valorant,,,,,Smash Teams,,,,,TFT,,,,,Smash,,,,,BUSR - GT Championship,,,,,BUSR - F1 2021 Championship,,,,,UFG- Melty Blood,,,,,UFG- Guilty Gear Strive,,,,,UFG - Tekken,,133,,,,
,Rank,University,Total,CS:GO,Dota 2,League of Legends,Overwatch,Rainbow 6,Rocket League,Smash (Teams),Valorant,TFT Oct,Smash Oct,GT Championship,F1 2020 Championship,UFG- Melty,UFG- Guilty,UFG - Tekken,,,Final Finish,Team,University,Points,,Final Finish,Team,University,Points,,Final Finish,Team,University,Points,,Final Finish,Team,University,Points,,Final Finish,Team,University,Points,,Final Finish,Team,University,Points,,Final Finish,Team,University,Points,,Final Finish,Team,University,Points,,Final Finish,Team,University,Points,,Final Finish,Team,University,Points,,Final Finish,Team,University,Points,,Final Finish,Team,University,Points,,Final Finish,Team,University,Points,,Final Finish,Team,University,Points,,Final Finish,Team,University,Points,,,
,1,University of Warwick,2037,299,177,383,255,186,356,0,272,11,17,0,8,14,0,59,,,Championship Bracket,,,,,Championship Bracket,,,,,Championship,,,,,Championship Bracket,,,,,Championship Bracket,,,,,Championship,,,,,Division 1,,,,,,,,,,October,,,,,October,,,,,,,,,,,,,,,,,,,,,,,Hench,,,,,,,,
,2,Staffordshire University,1365,202,5,103,176,10,119,234,361,4,110,0,39,0,2,0,,,1,Rush Bee,University Of Manchester,150,,1,UCl Instant Reflex,University College London,150,,1,Grey Warwick,University of Warwick,150,,1,Portsmouth Paladins,University Of Portsmouth,150,,1,Lovebros,Loughborough University,150,,1,Keele Krackens,Keele University,150,,1,KCL Lions,Kings College London,150,,1,Where are our pins,University of Exeter,100,,1,WLoughran,Northumbria University,17,,1,Phillip Chamberlain,Staffordshire University,20,,1,Angus Fender,Oxford Brookes University,38,,1,Lewis Grant-Smith,London South Bank University,38,,1,Large Lad,University of Hull,25,,1,Lament,University of East Anglia,38,,1,Tahuru,University of Warwick,25,,,
,3,Loughborough University,1023,31,27,138,64,207,295,0,150,0,25,15,71,0,0,0,,,2,Team Four,University Of Southampton,140,,2,Warwick Ducks,University Of Warwick,127,,2,DMU T1,De Montfort University,140,,2,Watermelon Waddlers,Staffordshire University,135,,2,Leads,University Of Leeds,135,,2,Portsmouth Paladins,University Of Portsmouth,140,,2,Birhmingham Bulls,University of Birmingham,140,,2,Apex Reborn,Staffordshire University,85,,2,Temlozz,University of Birmingham,15,,2,George Humphreys,Staffordshire University,18,,2,Jack Noller,Oxford Brookes University,32,,2,Lucas Ulitschnik,Staffordshire University,34,,2,Sherlock is Home,Manchester Metropolitan University,20,,2,Duck,University of Reading,32,,2,BrokenCellz,University of Birmingham,20,,,
,4,University of Southampton,985,383,0,36,90,38,201,60,159,7,0,0,0,0,11,0,,,3,g12,University Of Glasgow,135,,3,Blood Bath,University Of Bath,116,,3,UoM T1,University Of Manchester,135,,3,Team Dynasty,Roehampton University,127,,3,Swansea Storm,Swansea University,127,,3,Salford Lions,University Of Salford,135,,3,Swansea Academy,Swansea University,135,,3,Smash in the Bath,University of Bath,78,,3,Joshy Chan,Birmingham City University,13,,3,Toby Thurgood,University of Warwick,17,,3,Ish Shah,Coventry University,29,,3,Ahmed Atcha,Lancaster University,32,,3,TitanicWomble,Teesside University,17,,3,Rahil,Brunel University,29,,3,Dan Bridges,University of Warwick,17,,,
,5,Swansea University,955,233,11,205,19,187,67,0,159,0,24,6,0,40,0,4,,,4,Falmouth Phoenix A,FXU (Falmouth & Exeter Student's Union),130,,4,B R I Z B O Y S,University Of Bristol,108,,4,Keele Krakens,Keele University,130,,4,Warwick Angels,University of Warwick,121,,4,Blue Charm Collectors,University of Warwick,121,,4,Warwick Portsmouth Paladins,University Of Warwick,130,,4,Warwick Dire WoIves Jr,University Of Warwick,130,,4,Tsunami,Staffordshire University,72,,4,Mushmelon,Coventry University,12,,4,Jackson Hinkler,Sheffield Hallam University,17,,4,Jason List,Durham University,27,,4,Deadeye,Loughborough University,31,,4,Wavebank,Swansea University,14,,4,Teruko,University of Westminster,27,,4,Dhiren_GM,University of Warwick,14,,,
,6,Durham University,940,143,76,94,65,104,229,40,116,14,20,39,0,0,0,0,,,5,SLUGSBlack,University Of Sheffield,127,,5,Lancaster Vortex,Lancaster University,100,,5,KCL Lions,Kings College London,123,,5,ManOWT1,University of Manchester,116,,5,Office Chairs,Keele University,116,,05-Jun,BCU Blue,Birmingham City University,126,,5,UCL Team S,University College London,127,,5,Smash and Trebs,Newcastle University,64,,5,Adverse,Queen Mary University of London,12,,5,Benjamin Dang,Swansea University,16,,5,Anna Langsdale-Foster,Nottingham Trent University,25,,5,Carson Tharp,Coventry University,29,,5,Elliot,Swansea University,10,,5,Volconage,University of Nottingham,25,,5,Cawfee,Aston University,12,,,
,7,University of Birmingham,938,127,7,63,92,124,188,69,166,32,42,0,0,0,0,28,,,5,UoB Esports Alpha,University Of Birmingham,124,,6,Sheffield Samurai,University Of Sheffield,92,,,Lowhampton,Roehampton University,123,,6,Royal Bears OW,Royal Holloway University of London,112,,6,Exeterrific,University of Exeter,112,,05-Jun,UWE SeaStags Black,University Of The West Of England,126,,5,Staffs London Rampage,Staffordshire University,124,,,Vanix Smash,Staffordshire University,64,,6,Marstarr,University of Warwick,11,,,Cheks Nweze,Durham University,16,,6,Umar Farooqi,University of York,23,,6,Anna Foster,Nottingham Trent University,28,,,Captain Hancock,University Of The West Of England,10,,,Sherlock is Home,Manchester Metropolitan University,23,,6,GANGGANGGANG,University Of Surrey,9,,,
,8,University of Exeter,896,49,0,270,58,112,162,100,126,10,3,0,6,0,0,0,,,7,Swansea Storm and the Taco Strikes Back,Swansea University,121,,7,xD,University Of Nottingham,84,,,Konrads Kids,University Of Bath,123,,7,404,University of York,108,,7,Liverpool Arctic Foxes,University of Liverpool,108,,Challenger,,,,,7,Royal Mix,Royal Holloway University Of London,121,,7,The Heist,London South Bank University,54,,7,FPX Beichuan,University College London,10,,7,BrowBoy,University of Birmingham,14,,7,Dimitris Tsioumanis,University of Manchester,21,,7,Jacob Hardwick,University of Reading,27,,7,CatMan33,University of Warwick,7,,7,seanj30,University of Brighton,21,,7,Teshi,University of Birmingham,8,,,
,9,University of The West of England,845,205,60,70,112,0,218,31,97,0,28,7,0,10,7,0,,,7,UWE Sea Stags,University Of The West Of England,118,,8,Durham Dog,Durham University,76,,,Deus Exe,University Of Exeter,123,,8,Reading Knights,University of Reading,104,,8,Durham Defender,Durham University,104,,1,UoB Nightingales,University Of Birmingham,121,,,,,,,,Salford Lions,University of Salford,54,,8,Settrigh01,Coventry University,9,,,Flynn Higgins-Baker,University of the West of England,14,,8,Jimmy Lin,University of Glasgow,19,,8,Bradley Chambers,University of Hertfordshire,26,,,Chi,Swansea University,7,,,ChillPenguin,Sheffield Hallam University,19,,8,Sync,University of Hertfordshire,6,,,
,10,University of Bath,797,96,130,183,18,13,124,78,144,0,11,0,0,0,0,0,,,9,Vanix Esports,Staffordshire University,116,,,,,,,Challenger,,,,,9,Warwick Angles,University of Warwick,100,,9,TRENT WARFARE,Nottingham Trent University,100,,2,RocKenteers,University Of Kent,118,,9,Durham Defenders,Durham University,115,,9,Smashampton 1,University of Southampton,46,,9,RSWReece,Manchester Metropolitan University,7,,9,Alexander John Somper,Loughborough University,12,,9,Nathan Carey,Coventry University,17,,9,James King,University of Reading,25,,9,FuNdAmEnTaLs,Swansea University,5,,9,Radifire,Kings College London,17,,,WizeXI,University of Nottingham,6,,,
,11,University College London,788,131,176,207,9,76,0,0,178,10,1,0,0,0,0,0,,,10,Back Six,Queens University Belfast,114,,1,UoP Paladins,University Of Portsmouth,68,,1,Linken shangsheng,University Of Lincoln,116,,10,Bristol Bears Bees Battlestar Galactica,University of Bristol,96,,10,Neocitadel,Newcastle University,96,,3,Lincoln A,University Of Lincoln,115,,,Clark Kent,University Of Kent,115,,10,Brummie Brothers,University of Birmingham,40,,,TheDanchai,University of Southampton,7,,,Biu Wilson,Staffordshire University,12,,10,Harry Spiers,Loughborough University,15,,10,Matthew Agius,University of Kent,24,,10,AlexD8282,University of Warwick,5,,10,LucioFGC,University of Westminster,15,,10,AZYF,Swansea University,4,,,
,12,University of Portsmouth,744,80,68,0,170,29,282,0,94,0,10,11,0,0,0,0,,,11,KCL Lions,Kings College London,112,,2,UWE Sea Stags,University Of The West Of England,60,,2,ViAyeMan,Newcastle University,114,,11,UoB Hades,University of Birmingham,92,,11,Belfast Berserkers,Queens University Belfast,92,,,Bournemouth Stars,Bournemouth University,115,,11,Bath Util Players,University Of Bath,111,,11,Brunel Thunderballs,Brunel University,35,,,CharlieeTFT,University of Bristol,7,,,Fletcher Fanning,University of Kent,12,,11,Kristopher Black,London South Bank University,13,,11,Archie Hodgson,Coventry University,23,,11,Puppyruski,Birmingham City University,4,,,Marcster02,University of Reading,13,,11,Cee,University of Dundee,3,,,
,13,Nottingham Trent University,739,83,23,102,29,120,266,0,51,0,0,25,40,0,0,0,,,12,Newclapped,Newcastle University,110,,3,Cambridge Dota,University Of Cambridge,52,,3,Kardiff Kittens,Cardiff University,111,,12,UWE SeaStags Black,University of The West of England,88,,12,Oxford Brookes Vipers,Oxford Brookes University,88,,5,Durham Defenders,Durham University,109,,,Oxford Brookes Vipers,Oxford Brookes University,111,,12,Great Kent Offensive,University of Kent,32,,,shiny2621,Oxford University,7,,,Greg Tickell,Newcastle University,12,,12,Ewan Train,Durham University,12,,12,James Doherty,University Of York,22,,12,Niisoks,University of East Anglia,4,,12,Gondola,University of Nottingham,12,,,12hakobydeath,University of Lincoln,3,,,
,14,University of East Anglia,731,88,22,62,69,41,253,0,143,0,0,0,11,4,38,0,,,13,UCL Overlords,University College London,108,,4,Lidl gaming,University Of Leeds,47,,,UoL Arctic Foxes,University Of Liverpool,111,,Challenger Bracket,,,,,Challenger Bracket,,,,,,Southampton Saver Menu,University Of Southampton,109,,13,Bombers,Lancaster University,107,,13,UoBabes,University of Birmingham,29,,13,nesstron,Cardiff University,4,,13,Andrew A'Hara,University of Glasgow,8,,13,Pavlo Denysenko,Coventry University,11,,13,Ben Lewis,Loughborough University,21,,13,PXRB,Swansea University,3,,13,CS Goeblin,University of Southampton,11,,,Adelekan,University of Warwick,3,,,
,15,Kings College London,718,160,41,209,19,20,0,0,247,0,0,0,2,0,20,0,,,14,aegisks whizz kidz,University Of York,106,,5,StAGS Dota,University Of St Andrews,43,,5,Royal Bears,Royal Holloway University Of London,105,,1,Coventry Overwatch,Coventry University,84,,1,Edinburgh Eclipse,University of Edinburgh,84,,,UEA Kingfishers,University of East Anglia,109,,,Vanix Esports,Staffordshire University,107,,14,Keele Krakens,Keele University,26,,,BepisLover,Queens University Belfast,4,,,Christopher Niblock,University of Portsmouth,8,,14,C,University of Sussex,10,,14,Kian Osmond,Brunel University,20,,,LucioFGC,University of Westminster,3,,14,Cassaronpa,Northumbria University,10,,14,Iron Fist,Queen Mary University Of London,1,,,
,16,University of Manchester,706,173,0,208,116,9,60,0,100,8,0,21,10,0,0,1,,,15,Bristol Baked Beens,University Of Bristol,104,,6,Imperial Bonobos,Imperial College London,39,,,UCL DJJ,University College London,105,,2,LEEM_OW v2,University of Abertay Dundee,80,,2,Reading Binmen,University of Reading,80,,,Loughborough Lions,Loughborough University,109,,15,Warwick Dire Wolves,University Of Warwick,103,,15,Durham Defenders 2021,Durham University,24,,,Hecksby,Staffordshire University,4,,,Connor Chapman,Staffordshire University,8,,15,Cameron Gold,University of Portsmouth,9,,15,Fraser Nicol,University of Strathclyde,19,,,LUNA,School Of Oriental And African Studies,3,,15,Pryde_and_Wisdom,Oxford University,7,,,ExplosionLord,University of Manchester,1,,,
,17,University of York,701,164,2,66,134,0,200,0,82,0,0,23,23,0,7,0,,,16,Remember the blanket,University Of Chichester,102,,7,Warwick Shmucks,University Of Warwick,35,,,EXE Machina,University Of Exeter,105,,3,Lincoln IMPosters,University of Lincoln,76,,3,UCL Anime Girls,University College London,76,,9,Essex Blades,University Of Essex,101,,,UEA BlueJays,University of East Anglia,103,,16,The Runaway Guys,Brunel University,21,,,Humble,Oxford University,4,,,Tolu Olasupo,Brunel University,8,,16,Oliver Fletcher,Royal Holloway University of London,8,,16,Eryk Jastrzebski,Brunel University,18,,16,Carzle,University Of Sussex,2,,,uncleyaani,Aston University,7,,16,Naarii,Sheffield Hallam University,1,,,
,18,Lancaster University,701,60,116,257,37,0,26,0,151,13,0,2,39,0,0,0,,,,,,,,8,B R I Z B O Y S 2,University Of Bristol,31,,,Surrey Wardens,University Of Surrey,105,,4,Southampsters,University of Southampton,72,,4,Manchester Minotaurs,Manchester Metropolitan University,72,,,Reading Knights,University Of Reading,101,,17,We lost our advanTej,University Of Southampton,99,,17,Reading Knights,University of Reading,19,,17,ROE Zubeda,Roehampton University,2,,17,Alex Veselinov,Sheffield Hallam University,5,,17,Max Grime,Royal Holloway University of London,7,,17,Ryan Gerald,Brunel University,17,,,TENXSEI,Teesside University,2,,,LightningWolf,University Of The West Of England,7,,,,,,,,
,19,University of Nottingham,700,94,90,104,31,28,149,0,146,2,0,10,0,0,40,6,,,1,Durham Defenders,Durham University,100,,9,KCL Lions 2021,Kings College London,28,,9,Grandpa Zileans Not NUEL,University Of Nottingham,97,,5,UEA Bluejays,University of East Anglia,68,,5,Cardiff Crusaders,Cardiff University,68,,,UEA Bluejays,University of East Anglia,101,,,Watt Wyverns,Heriot Watt University,99,,18,OUES Smash,Oxford University,18,,,Yagop,University of Nottingham,2,,,Ammar Saeed,University of Birmingham,5,,18,Eshan Wells,De Montfort University,7,,18,Aidan Bliss,Cardiff University,15,,18,Joker,University Of Essex,2,,,Evalien,University of Bedfordshire,7,,,,,,,,
,20,Keele University,685,87,0,136,20,116,222,26,76,0,0,0,0,0,2,0,,,2,Warwick Stretchyboiz Reborn,University Of Warwick,98,,10,LSU DOTA,Loughborough University,27,,,Salad Fingers,University Of Salford,97,,6,LoughBruh,Loughborough University,64,,6,Birmingham Bruhmmies,University of Birmingham,64,,,Nottingham Trent Thunder,Nottingham Trent University,101,,19,Abertay University A team,University Of Abertay Dundee,95,,19,UWE Sea Stags Red,University of the West of England,18,,,Greenish Purple,University of Manchester,2,,,George Oswick,University of Bristol,5,,19,Joshua Perrett,University of the West of England,7,,19,Haris Chughtai,Roehampton University,13,,19,a$ap ahri,University of Warwick,1,,,Woeger,University Of Liverpool,7,,,,,,,,
,21,Newcastle University,677,174,0,134,39,110,43,68,93,0,12,0,4,0,0,0,,,3,Panopto eSports,Imperial College London,96,,11,UCL AfterShock,University College London,26,,,False Facade,Queen Mary University Of London,97,,7,CamDu Punters,University of Cambridge,60,,7,Bruhmmies 2 Electric Boogaloo,University of Birmingham,60,,Division 3,,,,,,LJMU Valo A,Liverpool John Moores University,95,,20,Imperial Nickelodeon All Star Brawl Team,Imperial College London,16,,,ROE Rogue,Roehampton University,2,,,Jacob Edward Tanner,University of Plymouth,5,,20,Lewis Grant-Smith,London South Bank University,6,,20,Callum Vickers,London South Bank University,12,,20,Dan Bridges,University of Warwick,1,,,Sub0ptimal,Ulster University,7,,,,,,,,
,22,University of Bristol,649,123,139,148,114,18,21,0,61,12,13,0,0,0,0,0,,,4,ENDLESS,University Of Essex,94,,12,Simperial,Imperial College London,24,,,Swansea Tsunami,Swansea University,97,,8,Viking Pigeons,Northumbria University,56,,8,Simple As,University of Lincoln,56,,1,Exeterminators,University Of Exeter,96,,21,Fuego,Oxford Brookes University,91,,21,Durham Defenders 2,Durham University,16,,,The Darter,Durham University,2,,,lolahmed,City University Of London,5,,21,Thomas Cruickshanks,University of Nottingham,6,,21,George Willcocks,Nottingham Trent University,11,,,Josh_,Swansea University,1,,,TitanicWomble,Teesside University,7,,,,,,,,
,23,University of Kent,648,47,0,104,19,64,163,45,160,0,22,0,24,0,0,0,,,5,Free Range Chickens,University Of Gloucestershire,92,,,,,,,1,Grey Warwick Academy,University Of Warwick,92,,9,BU Barracudas,Bournemouth University,52,,9,Coventry Fire,Coventry University,52,,2,Nott Inappropriate,University Of Nottingham,94,,,BURNIN v2,Staffordshire University,91,,22,Northampton Gorillas,University of Northampton,15,,,debster1999,University of Hull,2,,,Riley Giddings,University of Plymouth,5,,22,Alec Smith,Swansea University,6,,22,Yaser,University of Manchester,10,,,,,,,,RayRB,University Of York,7,,,,,,,,
,24,University of Leeds,630,91,47,148,54,173,114,0,3,0,0,0,0,0,0,0,,,6,Elo Recovery Service,University Of Southampton,90,,Division 3,,,,,2,Whats NSE,University Of Sheffield,90,,10,Durham Defenders,Durham University,49,,10,Leicester KKomrades,University of Leicester,49,,3,Yer Course,Liverpool John Moores University,91,,23,Warwicks Neighbours from Hell,Coventry University,87,,23,Smashampton 2,University of Southampton,14,,,Yraco,Oxford Brookes University,2,,,Simon Bentivoglio,Brunel University,5,,23,Kyle O'Mullane,University of Sheffield,5,,23,James Tutak,University of East Anglia,9,,,,,,,,FREDMO,University of Winchester,7,,,,,,,,
,25,Cardiff University,602,139,5,128,50,72,46,0,136,4,0,0,22,0,0,0,,,7,BU Bad bois,Bournemouth University,88,,1,Trent Thunder Dota Pink,Nottingham Trent University,23,,3,Scrambled Fanclub,University Of Kent,87,,11,dot exe,University of Exeter,47,,11,Luff Said,Loughborough University,47,,,Essex SoundCloud rappers,University Of Essex,91,,,Newcastle Lions A,Newcastle University,87,,24,Great Kent Offensive B,University of Kent,13,,,Marcymarccc,Roehampton University,2,,,Vinayak Mukhia,City University Of London,5,,24,Jordan Grant-Smith,University of Greenwich,5,,24,Kurias Paul,University of Warwick,8,,,,,,,24,Zebriel,Oxford Brookes University,5,,,,,,,,
,26,University of Lincoln,593,60,17,206,85,56,135,0,28,0,0,1,2,0,0,3,,,8,StratherS,University Of Strathclyde,86,,2,Bluejays UEA,University of East Anglia,22,,,Lancaster Retirement Home,Lancaster University,87,,12,Leeds DLC,University of Leeds,45,,12,Kentucky Fried Chicken,University of Kent,45,,5,York Pun Name,University Of York,85,,25,Noble Notts,University Of Nottingham,84,,25,UWE Sea Stags Black,University of the West of England,12,,25,Polopp,University of Warwick,,,25,Alex M,Queens University Belfast,3,,25,Kevin Kovacs,University of Hertfordshire,5,,25,Gregory Stanger,Loughborough University,7,,,,,,,,Bartosz,Oxford Brookes University,5,,,,,,,,
,27,University of Reading,590,18,0,28,104,94,173,19,54,0,1,0,52,0,47,0,,,9,UWE Sea Stags Black,University Of The West Of England,84,,3,Uni of Glasgow,University Of Glasgow,20,,5,Bristol Warriors,University Of Bristol,81,,Division 3,,,,,Division 3,,,,,,Portsmouth Potatoes,University Of Portsmouth,85,,26,Portsmouth Paladins,University Of Portsmouth,82,,26,York No Johns,York St John University,11,,,MrJohnGalt,Imperial College London,,,,Ben Surgey,University of Gloucestershire,3,,26,Nicolas Fedor,University of Surrey,5,,26,Adam Matthews,Cardiff University,7,,,,,,,,or4nge,Imperial College London,5,,,,,,,,
,28,University of Sheffield,585,171,114,124,29,26,30,0,86,0,0,5,0,0,0,0,,,10,aimbridge,University Of Cambridge,82,,4,Royal Bears,Royal Holloway University Of London,19,,,UCL Blew,University College London,81,,1,Cardiff Comrades,Cardiff University,43,,1,The Project,University of Abertay Dundee,43,,,Warwick Inappropriate,University Of Warwick,85,,27,Cardiff Crusaders,Cardiff University,80,,27,KrystalChaos,Staffordshire University,10,,,Cryn0n,University of Bristol,,,,Benjamin Godwyll,Brunel University,3,,27,Adil Mushtaq,Royal Holloway University of London,4,,27,Joseph Howes,University of Hertfordshire,7,,,,,,,,Blues,University of Essex,5,,,,,,,,
,29,Royal Holloway University of London,579,112,19,105,112,39,25,0,142,0,0,22,0,0,3,0,,,11,Soton Savages,University Of Southampton,80,,5,Sheffield Shockwave,University Of Sheffield,18,,,The Salford Lions,University Of Salford,81,,2,drywalldrinkers,Staffordshire University,41,,2,Warwick 1st Team,University of Warwick,41,,,Staffordshire Samba,Staffordshire University,85,,28,SLUGS,University Of Sheffield,78,,28,BANGOR SMASH,Bangor University,8,,,Pythagorwalrus,University of Surrey,,,,Elliot Birch,University of the West of England,3,,28,Daniel Long,University of Nottingham,4,,28,Brandon Marr,University of Exeter,6,,,,,,,28,Big Wheel,University of Nottingham,3,,,,,,,,
,30,Coventry University,563,43,0,126,84,53,11,0,109,21,0,57,59,0,0,0,,,12,Brunel A,Brunel University,78,,6,Surrey_Rubix,University of Surrey,17,,,Coventry Blaze,Coventry University,81,,3,Newcastle Uni,Newcastle University,39,,3,Royal Siege six,Royal Holloway University of London,39,,9,Leeds Gryphons,University Of Leeds,75,,29,Sussex Sharks 1,University Of Sussex,76,,29,Bournemouth Barracudas,Bournemouth University,7,,,SimplyFenton,Aberystwyth University,,,,Felix Hesketh-Hill,Bangor University,3,,29,Toby Winston,Oxford Brookes University,3,,29,Rusyaidi,Coventry University,6,,,,,,,,Stance,Bangor University,3,,,,,,,,
,31,Roehampton University,502,28,0,163,127,0,75,0,88,8,0,0,13,0,0,0,,,13,You Shall Not Bath,University Of Bath,76,,7,Lancaster Hurricane,Lancaster University,16,,9,AstonApesLOL,Aston University,69,,4,Lancaster Bomber,Lancaster University,37,,4,STG,University of Southampton,37,,,Durham Demons,Durham University,75,,30,Roehampton Yetis,Roehampton University,74,,30,Salford Cubs,University of Salford,6,,,Skaledor,University of the West of England,,,,Joseph Cox,University of Bristol,3,,30,Michael Cabrera-Yap,Royal Holloway University of London,3,,30,Johnny Bean,Edge Hill University,6,,,,,,,,Gee,Kings College London,3,,,,,,,,
,32,Imperial College London,499,155,63,128,0,31,75,16,23,3,0,0,0,0,5,0,,,14,Keele Krakens A,Keele University,74,,8,Xero Tolerance for year 2,University Of Warwick,15,,,Rift Assassins,University Of Sussex,69,,5,Dundee Vanguard,University of Dundee,35,,5,Watt Wyverns,Heriot Watt University,35,,,No Roeetations,University Of Liverpool,75,,31,STIRLING GSOC,University Of Stirling,72,,31,West London Wyverns 2021,University of West London,4,,,,,,,,Oliver Drakeford,Staffordshire University,3,,31,James Whitelaw,Sheffield Hallam University,2,,31,John Greenough,University of Cambridge,5,,,,,,,,TENXSEI,Teesside University,3,,,,,,,,
,33,Oxford Brookes University,473,13,0,0,28,107,34,2,202,2,0,74,1,0,10,0,,,15,Hoodersfeeyald Hoonds,University Of Huddersfield,72,,9,Skybath Mages,University of Bath,14,,,Vanix Black Temp,Staffordshire University,69,,6,Caledonian Chargers OW,Glasgow Caledonian University,33,,6,Reeeeeeeeds,University of Leeds,33,,,Roe Exodia,Roehampton University,75,,32,Northumbria Vikings,Northumbria University,70,,32,Toon and City,Newcastle University,4,,November,,,,,,Owen Roberts-McIntosh,De Montfort University,3,,32,Ethan O'Malley,University of Portsmouth,2,,32,Ed Haskell,Edge Hill University,5,,,,,,,,qcHeavy,Manchester Metropolitan University,3,,,,,,,,
,34,University of Salford,455,0,0,186,0,12,185,60,12,0,0,0,0,0,0,0,,,16,Royal Bears CSGO,Royal Holloway University Of London,70,,10,Sand Kings College 2021,Kings College London,13,,,FPX ACADEMY,University Of The Arts London,69,,7,BCUseless,Birmingham City University,31,,7,Blue Dragon Swansea,Swansea University,31,,,Teesside Insurgency,Teesside University,75,,,,,,,33,The Horde,Staffordshire University,3,,1,Temlozz,University of Birmingham,17,,33,Adren Poulard,Aberystwyth University,1,,33,Michael Goodman,Lancaster University,2,,33,Aiden Rooney,Staffordshire University,5,,,,,,,,Jagi,Glasgow Caledonian University,3,,,,,,,,
,35,University of Sussex,447,61,6,121,6,0,134,0,106,0,0,10,0,2,1,0,,,,,,,,11,Northumbria Vikings Dota,Northumbria University,12,,,Trent Thunder Pink,Nottingham Trent University,69,,8,Plymouth Leviathans,University of Plymouth,29,,8,Stinky Thatcher Deniers,University of Chichester,29,,,Loughboomers,Loughborough University,75,,Division 2,,,,,34,The Boidae Brookes,Oxford Brookes University,2,,2,SmileyCereal,Lancaster University,13,,,Bradley Newton,Teesside University,1,,34,Thomas Gaskins,University of Lincoln,1,,34,Neil Varia,Loughborough University,5,,,,,,,,DRAAAAAVEN,Brunel University,3,,,,,,,,
,36,Bournemouth University,434,120,0,6,52,0,178,7,71,0,0,0,0,0,0,0,,,1,City Esports,City University Of London,68,,12,Swasnea Vibe,Swansea University,11,,,University of Leeds,University Of Leeds,69,,9,Surrey Stags,University of Surrey,28,,9,Nott gonna win,University of Nottingham,28,,15,ShaKeele O Neal,Keele University,65,,1,Brexeter,University Of Exeter,68,,35,Leicester Uni Smash,University of Leicester,2,,3,Me71,Durham University,12,,,Brandon Langford,Staffordshire University,1,,35,Joe Squires-Purnell,FXU (Falmouth & Exeter Student's Union),1,,35,Dominik Beinecke,Newcastle University,4,,,,,,,35,tsuki,Royal Holloway University Of London,2,,,,,,,,
,37,Brunel University,429,90,4,21,0,26,0,56,104,0,37,0,59,0,32,0,,,2,Warwick Sketchyboiz Academy,University Of Warwick,66,,13,Cambridge University Noob Team,University Of Cambridge,10,,,IsThisNUEL,University Of Derby,69,,10,Oxford Brookes Vipers Overwatch,Oxford Brookes University,28,,10,UEA Bluejays,University of East Anglia,28,,,Sussex Sharks,University Of Sussex,65,,2,soohaengs team,Loughborough University,66,,36,UWE Sea Stags,University of the West of England,1,,4,PRIME EU TALENT,University of Exeter,10,,,Daniel Lucas Li Wu,University College London,1,,36,Tom Hamblyn,University of Hertfordshire,1,,36,Sam Cox,University of Surrey,4,,,,,,,,Brebble,Keele University,2,,,,,,,,
,38,University of Essex,407,95,0,26,24,10,205,0,39,0,0,0,0,2,6,0,,,3,UEA Bluejays,University of East Anglia,64,,14,NoTidehunterPls,University Of Lincoln,9,,,BSU,Lancaster University,69,,11,Trent Thunder Blue,Nottingham Trent University,27,,11,QUB Valkyries,Queens University Belfast,27,,,Better York Pun Name,University Of York,65,,3,Aber fist wyth,Aberystwyth University,64,,,,,,,5,Joshy Chan,Birmingham City University,8,,,Deshaun.D,University of Bedfordshire,1,,37,Hugo Harrison,Oxford Brookes University,1,,37,Saaj Sangani,London South Bank University,4,,,,,,,,LUNA,School Of Oriental And African Studies,2,,,,,,,,
,39,University of Surrey,386,61,17,142,28,16,68,0,35,0,0,5,4,0,1,9,,,4,Notts For Glory 1,University Of Nottingham,62,,15,Lincolns Sphere,University Of Lincoln,8,,,,,,,12,Derby Raptors Educational Meme Club,University of Derby,26,,12,SLUGS,University of Sheffield,26,,,InfaMOUS Swansea,Swansea University,65,,4,Zentinels,Loughborough University,62,,,,,,,6,Xavosh,University of Westminster,6,,,George Duggan,York St John University,1,,,,,,,38,Joshua Barker,Loughborough University,4,,,,,,,,Tom!!,University of Northampton,2,,,,,,,,
,40,University of Cambridge,367,102,62,71,65,0,44,0,17,0,1,0,5,0,0,0,,,5,Warwick Sketchyboiz,University Of Warwick,60,,16,Brums of Endurance,University Of Birmingham,7,,North,,,,,13,DoughNotts,University of Nottingham,26,,13,Brunel Swans,Brunel University,26,,North div 1,,,,,5,UWE Sea Stags,University Of The West Of England,60,,,,,,,7,CharlieeTFT,University of Bristol,5,,,Henry Barker,Durham University,1,,,,,,,39,Bennaya Kendrana,Loughborough University,3,,,,,,,,NagoriLukey,University of Reading,2,,,,,,,,
,41,Queens University Belfast,353,127,0,0,0,134,56,0,29,4,3,0,0,0,0,0,,,6,Leeds Gryphons Team 3,University Of Leeds,58,,,,,,,Div 1,,,,,14,Heavens Rejects,University of Warwick,25,,14,Brighton Buccaneers,University of Brighton,25,,1,Derbados,University Of Derby,59,,6,Mews Marauders,University Of Manchester,58,,,,,,,8,Adverse,Queen Mary University of London,4,,,Hung-Hsun Yu,University of Cambridge,1,,,,,,,40,Noah Harris,Lancaster University,3,,,,,,,40,Cr4zY HaNd,Staffordshire University,1,,,,,,,,
,42,University of Liverpool,325,4,5,111,4,108,81,0,5,0,0,0,0,0,7,0,,,7,Cardiff Crusaders,Cardiff University,56,,Swiss,,,,,1,The Durham Defenders,Durham University,59,,15,UWE SeaStags Red,University of The West of England,24,,15,Warwick Wraiths,University of Warwick,24,,2,I Dont Know,Nottingham Trent University,55,,7,Gfuel Gangsters,Brunel University,56,,,,,,,9,19 Degrees C,University of Manchester,3,,,jas ubhi,University of Portsmouth,1,,,,,,,41,Anish Patel,Brunel University,3,,,,,,,,Euphemia,Royal Holloway University Of London,1,,,,,,,,
,43,Heriot Watt University,314,52,1,32,11,53,47,0,118,0,0,0,0,0,0,0,,,8,Sussex Sharks1,University Of Sussex,54,,1,Sussy Sharks,University Of Sussex,6,,2,KFC,Lancaster University,55,,16,Xx_Essex_Blades_xX,University of Essex,24,,16,Ruskin Ravens Gold,Anglia Ruskin University,24,,3,Hallam Hammerheads,Sheffield Hallam University,50,,8,the mighty stags,University Of Hertfordshire,54,,,,,,,,DatKidsDonkey,University of Manchester,3,,,Jonathan English,Bangor University,1,,,,,,,42,Oskar Pawlikowski,Southampton Solent University,3,,,,,,,,Jabsy,University Of Essex,1,,,,,,,,
,44,Aston University,309,76,0,90,2,3,26,0,93,0,0,0,0,0,7,12,,,9,Watt Wyverns,Heriot Watt University,52,,2,NotVeryPoggers,University Of Nottingham,6,,3,Team Implode,University Of Lincoln,50,,Swiss,,,,,Swiss,,,,,,SALTFORD V2,University Of Salford,50,,9,Chichester Valorant,University Of Chichester,52,,,,,,,,MrJohnGalt,Imperial College London,3,,,Kofi Asante-Sakyi,University of Portsmouth,1,,,,,,,43,Jake Millington,University of Lincoln,2,,,,,,,,Betrayed,Staffordshire University,1,,,,,,,,
,45,University of Abertay Dundee,299,0,1,46,95,43,4,0,110,0,0,0,0,0,0,0,,,10,Nottingham Trent Emerald,Nottingham Trent University,50,,3,Staffordshire stampede,Staffordshire University,5,,,UEA Bluejays V2,University of East Anglia,50,,1,Plymouth Leviathans B,University of Plymouth,23,,1,Banshee Esports,Imperial College London,23,,5,Leic Is More,University Of Leicester,44,,10,HALLAAAAM,Sheffield Hallam University,50,,,,,,,,soulvg,University of Derby,3,,,Kristian Hammond,Kingston University,1,,,,,,,44,Adam Banzragch,Kings College London,2,,,,,,,,Carzle,University Of Sussex,1,,,,,,,,
,46,University of Glasgow,284,135,20,29,39,8,26,0,0,0,8,19,0,0,0,0,,,11,Aston Archangels CSGO,Aston University,49,,4,Maxs Team,University Of Liverpool,5,,5,Already Washed Up,Loughborough University,44,,2,Average Nine Enjoyers,University of York,22,,2,PORTSMOUTH PALADINS,University of Portsmouth,22,,,QUB Monarchs,Queens University Belfast,44,,11,Reading Knights A,University Of Reading,49,,,,,,,13,SimplyFenton,Aberystwyth University,2,,,Leon Jerkovich,University of Reading,1,,,,,,,45,Austin Lee,Lancaster University,2,,,,,,,,Pinwheel,Cardiff Metropolitan University,1,,,,,,,,
,47,University of Chichester,269,133,0,14,21,40,0,0,60,0,0,0,1,0,0,0,,,12,The Penguins Of Madagascar,Staffordshire University,48,,5,Sheffield Shrimp Sashimi with Soy Sauce,University Of Sheffield,4,,,Strathclyde,University Of Strathclyde,44,,3,Sheffield Dragons,University of Sheffield,22,,3,Costa Del Swan,Swansea University,22,,,UoB Bushwackers,University Of Birmingham,44,,12,StaGS,University Of St Andrews,48,,,,,,,,Marcymarccc,Roehampton University,2,,,Maddie Hopen,Bangor University,1,,,,,,,46,unsafe driver,City University Of London,2,,,,,,,,Zaphyro,University Of Surrey,1,,,,,,,,
,48,Liverpool John Moores University,258,36,0,26,0,0,91,0,105,0,0,0,0,0,0,0,,,13,Surrey Stags,University Of Surrey,47,,6,Found the ward,Brunel University,4,,,Naajun Bad Boys,University Of Birmingham,44,,4,Chi Noble,University of Chichester,21,,4,The Minute Men,Glasgow Caledonian University,21,,,Watt Wyverns,Heriot Watt University,44,,13,UoY 1s,University Of York,47,,,,,,,,charthebeanEU,De Montfort University,2,,,Nathan Mullen,Leeds Conservatoire,1,,,,,,,47,Harry Tomkins,University of East Anglia,2,,,,,,,,Captain_Picard,Glasgow Caledonian University,1,,,,,,,,
,49,University of Leicester,238,0,0,45,6,60,109,2,16,0,0,0,0,0,0,0,,,14,Swansea Storm Black,Swansea University,46,,7,Cardiff Crusaders II,Cardiff University,3,,,St Andrews University Gaming Mega Allies,University Of St Andrews,44,,5,Keeles Row,Keele University,20,,5,Trent Thunder Kixstars,Nottingham Trent University,20,,9,Botts,University Of Nottingham,36,,14,KCL Orange,Kings College London,46,,,,,,,16,Polopp,University of Warwick,,,,Ygor Peixoto,Staffordshire University,1,,,,,,,48,Kane De Antonis,Lancaster University,2,,,,,,,,,,,,,,,,,,
,50,University of Hertfordshire,227,0,0,85,0,12,29,0,56,0,0,6,33,0,0,6,,,15,Portsmouth Paladins,University Of Portsmouth,45,,8,Strathclyde Stranglers,University Of Strathclyde,3,,Div 2,,,,,6,Pompey B,University of Portsmouth,20,,6,KCL Lions,Kings College London,20,,,Lboro Dis and Coke,Loughborough University,36,,15,Queen Marys Gambit,Queen Mary University Of London,45,,,,,,,,ScuffdTV,University of Southampton,,,49,Aishah,City University Of London,,,,,,,,49,Cameron Broadley,Nottingham Trent University,1,,,,,,,,,,,,,,,,,,
,51,Manchester Metropolitan University,223,65,0,10,14,72,6,0,3,7,0,0,0,20,26,0,,,16,Swansea Storm Blue,Swansea University,44,,9,Team Hair Transplant Reborn,University Of York,2,,1,Mad Men,University Of Leeds,39,,7,Glasgow Winstons fr,University of Glasgow,19,,7,Kent Win,University of Kent,19,,,Loughborough Clangers,Loughborough University,36,,16,Aston Archangels,Aston University,44,,,,,,,,Yraco,Oxford Brookes University,,,,Lewis Wray,University of Leeds,,,,,,,,50,Francesco Viska,Birmingham City University,1,,,,,,,,,,,,,,,,,,
,52,Birmingham City University,215,15,0,17,31,0,126,0,0,21,0,0,1,4,0,0,,,,,,,,10,Cardiff Immortals,Cardiff University,2,,2,DeGen G,University Of Leicester,37,,8,Swansea Ciwcymbrau Mor,Swansea University,19,,8,Average Copper Enjoyers,Oxford Brookes University,19,,,Durham Durhamers,Durham University,36,,,,,,,,,,,,,Dãn,Sheffield Hallam University,,,,Nikolai Merritt,Imperial College London,,,,,,,,51,Lewis Cox,London South Bank University,1,,,,,,,,,,,,,,,,,,
,53,FXU (Falmouth & Exeter Student's Union),212,130,0,5,14,0,24,0,38,0,0,1,0,0,0,0,,,1,StratherS B,University Of Strathclyde,43,,11,Watt Wyverns,Heriot Watt University,1,,3,Salty Slugs,University Of Sheffield,34,,9,All Known Laws Of Aviation,University of Bristol,18,,9,Watts_Cooking,Heriot Watt University,18,,13,Trent Salt Collectors,Nottingham Trent University,29,,Division 3,,,,,,,,,,,,,,,,Taela Senior,Brunel University,,,,,,,,52,Callum Teasdale,University of Chichester,1,,,,,,,,,,,,,,,,,,
,54,Sheffield Hallam University,209,36,0,16,0,0,55,0,50,0,30,2,0,0,19,1,,,2,CSThrow,University Of Southampton,42,,12,Team Hades,University Of Abertay Dundee,1,,,monkey noises,Loughborough University,34,,10,Bath BobOmbs,University of Bath,18,,10,Bristol Bakas,University of Bristol,18,,,Edinburgh Eclipse RL,University Of Edinburgh,29,,1,Edinburgh Eclipse,University Of Edinburgh,43,,,,,,,,,,,,,,,,,,,,,,53,Adam Shamsul,University of York,1,,,,,,,,,,,,,,,,,,
,55,University of Strathclyde,195,129,3,44,0,0,0,0,0,0,0,0,19,0,0,0,,,3,Brexeter,University of Exeter,41,,,,,,,5,L9 Whirlpool1337,Loughborough University,29,,11,Kentacetamol,University of Kent,17,,11,Valhalla,Northumbria University,17,,,Manchester Hive,University Of Manchester,29,,2,Cardiff Met Archers,Cardiff Metropolitan University,42,,,,,,,,,,,,November,,,,,,,,,,54,Shane-Tyler Perkins,Coventry University,1,,,,,,,,,,,,,,,,,,
,56,De Montfort University,190,10,0,160,0,2,0,0,6,2,3,7,0,0,0,0,,,4,UOL B Team,University Of Lincoln,40,,,,,,,,The Krusty Krab,University Of Manchester,29,,12,BangorOW team,Bangor University,17,,12,Aber Sigma Siegers,Aberystwyth University,17,,,Staffordshire Shifters,Staffordshire University,29,,3,Keele Krakens A,Keele University,41,,,,,,,,,,,,1,Sabahodin Sharaf,University of Westminster,20,,,,,,,55,Toby Winston,Oxford Brookes University,1,,,,,,,,,,,,,,,,,,
,57,Northumbria University,182,0,12,0,56,17,0,0,70,17,0,0,0,0,10,0,,,5,Lancaster Team Two,Lancaster University,39,,,,,,,,DondaDeDondaIPutItInTheHonda,University Of Glasgow,29,,13,Eboracum eSports,York St John University,16,,13,Bangor R6 Team 1,Bangor University,16,,,,,,,4,Bristol bagels,University Of Bristol,40,,,,,,,,,,,,2,Phillip Chamberlain,Staffordshire University,17,,,,,,,56,Mehdi Ali,Brunel University,1,,,,,,,,,,,,,,,,,,
,58,Queen Mary University of London,181,0,0,103,0,0,11,0,50,16,0,0,0,0,0,1,,,6,Staffs London Rampage,Staffordshire University,38,,,,,,,,Watt Wyverns,Heriot Watt University,29,,14,Kings Row College,Kings College London,16,,14,Surrey Stags 21,University of Surrey,16,,,,,,,5,Flexeter,University Of Exeter,39,,,,,,,,,,,,3,George Humphreys,Staffordshire University,16,,,,,,,,,,,,,,,,,,,,,,,,,,,,
,59,University of Derby,178,3,0,83,26,0,59,0,4,3,0,0,0,0,0,0,,,7,ThAWP Park V2,Manchester Metropolitan University,37,,,,,,,Div 3,,,,,15,Ls,University of Southampton,15,,15,Sledge Hill,Edge Hill University,15,,Northern 2nd Division,,,,,6,Poor Effort,Cardiff University,38,,,,,,,,,,,,4,Layla Mahmood,University of Birmingham,15,,,,,,,,,,,,,,,,,,,,,,,,,,,,
,60,University of Edinburgh,176,20,0,0,0,84,29,0,43,0,0,0,0,0,0,0,,,8,John Moores Cheese Smelling Boars,Liverpool John Moores University,36,,,,,,,1,WidePeepoHappy,University Of Lincoln,27,,16,Team Valkyrie,University of Abertay Dundee,15,,16,Sunderland Esports,University of Sunderland,15,,,,,,,7,Trent Thunder Pink,Nottingham Trent University,37,,,,,,,,,,,,5,Alexander John Somper,Loughborough University,13,,,,,,,,,,,,,,,,,,,,,,,,,,,,
,61,London South Bank University,170,0,0,0,0,0,0,54,42,0,0,19,55,0,0,0,,,9,_MiP_,University of Portsmouth,35,,,,,,,2,XLerated Lemons,Loughborough University,26,,17,Monkey Mondays,University of Northampton,14,,17,Reading Bedtime Stories,University of Reading,14,,,,,,,8,BU Barracudas,Bournemouth University,36,,,,,,,,,,,,,Tolu Olasupo,Brunel University,13,,,,,,,,,,,,,,,,,,,,,,,,,,,,
,62,University of St Andrews,160,0,43,63,6,0,0,0,48,0,0,0,0,0,0,0,,,10,Cardiff Cumtatoes,Cardiff University,34,,,,,,,3,Abertay Jade,University Of Abertay Dundee,26,,18,MMU Minotaurs OW,Manchester Metropolitan University,14,,18,NewB Castle,Newcastle University,14,,1,Couldnt Care Leic,University Of Leicester,27,,9,Surrey Stags,University Of Surrey,35,,,,,,,,,,,,7,Connor Chapman,Staffordshire University,11,,,,,,,,,,,,,,,,,,,,,,,,,,,,
,63,Teesside University,150,4,0,0,10,2,75,0,29,0,1,0,0,19,10,0,,,11,Caledonian Chargers CSGO,Glasgow Caledonian University,33,,,,,,,,Jungle Gap,Liverpool John Moores University,26,,19,Falmouth Foxes,FXU (Falmouth & Exeter Student's Union),13,,19,Bath Team 6,University of Bath,13,,2,Eboracum Esports,York St John University,26,,10,Gintijas Giga Gang,University Of Southampton,34,,,,,,,,,,,,,Oluwatimilehin Akinlonu,University of Bath,11,,,,,,,,,,,,,,,,,,,,,,,,,,,,
,64,Bangor University,149,21,0,25,17,16,32,8,22,0,5,0,0,0,3,0,,,12,Trent Thunder Sapphire,Nottingham Trent University,32,,,,,,,5,Trent Thunder Blue,Nottingham Trent University,24,,20,Hull Hornets,University of Hull,13,,20,UEA Crocs and Socks,University of East Anglia,13,,3,Lanker A,Lancaster University,26,,11,Brunel Spitfire,Brunel University,33,,,,,,,,,,,,9,Benjamin Dang,Swansea University,8,,,,,,,,,,,,,,,,,,,,,,,,,,,,
,65,University of Plymouth,147,0,0,49,52,0,3,0,33,0,10,0,0,0,0,0,,,13,Chi Challengers Esports,University Of Chichester,31,,,,,,,,UoY Team1,University Of York,24,,21,Glasgow Potent Substructures,University of Glasgow,12,,21,Salford Lions R6,University of Salford,12,,,Aston Archangels,Aston University,26,,12,Middlesex Mafia Red,Middlesex University,32,,,,,,,,,,,,,BrowBoy,University of Birmingham,8,,,,,,,,,,,,,,,,,,,,,,,,,,,,
,66,Aberystwyth University,137,20,0,9,0,17,5,0,83,2,1,0,0,0,0,0,,,14,Loughbruh,Loughborough University,30,,,,,,,,Wife Buff is Debuff,University Of Leeds,24,,22,Durham Defenders 2,Durham University,12,,22,Hertfordshire Blue,University of Hertfordshire,12,,5,Higgs Bosons,University Of Leeds,24,,13,Ulster Unicorns,Ulster University,31,,,,,,,,,,,,,Flynn Higgins-Baker,University of the West of England,8,,,,,,,,,,,,,,,,,,,,,,,,,,,,
,67,University of Northampton,121,28,0,9,14,0,15,15,35,0,3,0,0,0,2,0,,,15,Warwick Not So Massive Gummyworm,University Of Warwick,29,,,,,,,,Durham Dairylea Dunkers,Durham University,24,,23,Watt Wyverns,Heriot Watt University,11,,23,Leicester Team B,University of Leicester,11,,,Even Better York Pun Name,University Of York,24,,14,Keele Krakens B,Keele University,30,,,,,,,,,,,,,Jackson Hinkler,Sheffield Hallam University,8,,,,,,,,,,,,,,,,,,,,,,,,,,,,
,68,Glasgow Caledonian University,116,33,0,0,33,21,0,0,25,0,0,0,0,0,4,0,,,16,Durham Blaze,Durham University,29,,,,,,,Div 4,,,,,24,gaggle exe,University of Exeter,11,,24,Chi Challengers,University of Chichester,11,,,Trent Pegs,Nottingham Trent University,24,,15,Teeside A,Teesside University,29,,,,,,,,,,,,13,Chris Caballero,University of Kent,5,,,,,,,,,,,,,,,,,,,,,,,,,,,,
,69,University of Westminster,116,7,0,2,10,0,0,0,26,6,20,0,0,3,42,0,,,17,Roehampton Hydras,Roehampton University,28,,,,,,,1,Staffordshire London Rampage,Staffordshire University,22,,25,Teesside Turnips,Teesside University,10,,25,essex_r6,University of Essex,10,,,SkillLeic,University Of Leicester,24,,16,DarkHorse,University Of Manchester,29,,,,,,,,,,,,,Fletcher Fanning,University of Kent,5,,,,,,,,,,,,,,,,,,,,,,,,,,,,
,70,Oxford University,110,0,0,30,3,0,10,18,28,11,3,0,0,0,7,0,,,18,UoN Gorillas,University Of Northampton,28,,,,,,,2,Red Sky,Aston University,21,,26,Westminster Dragons,University of Westminster,10,,26,Wetherspoons,Staffordshire University,10,,9,Even Better Better York Pun Name,University Of York,21,,,,,,,,,,,,,,,,,,George Oswick,University of Bristol,5,,,,,,,,,,,,,,,,,,,,,,,,,,,,
,71,University Of Gloucestershire,95,92,0,0,0,0,0,0,0,0,3,0,0,0,0,0,,,19,Kent Touch This 2,University Of Kent,28,,,,,,,3,DMU T2,De Montfort University,20,,27,UCL Team 2,University College London,9,,27,Throwchester,University of Manchester,9,,,Newcastle Ninjas,Newcastle University,21,,1,Falmouth Phoenix Gold,FXU (Falmouth & Exeter Student's Union),28,,,,,,,,,,,,,Simon Bentivoglio,Brunel University,5,,,,,,,,,,,,,,,,,,,,,,,,,,,,
,72,City University Of London,89,68,0,0,0,0,0,0,6,0,13,0,2,0,0,0,,,20,AstonApesCS,Aston University,27,,,,,,,,WHY,University Of York,20,,28,UoL Sussy Chunguses,University of Leeds,9,,28,Lightning McQueens,Queens University Belfast,9,,,The Roybois,Nottingham Trent University,21,,2,Plymouth Leviathans,University Of Plymouth,28,,,,,,,,,,,,17,Benjamin Godwyll,Brunel University,3,,,,,,,,,,,,,,,,,,,,,,,,,,,,
,73,University of Brighton,88,0,0,30,0,25,12,0,0,0,0,0,0,0,21,0,,,21,KCL Cubs,Kings College London,27,,,,,,,5,First flash,University Of St Andrews,19,,29,The Alpha Betas,University of Warwick,8,,29,Burchy eSports,Imperial College London,8,,,Glasgow Grizzlies,University Of Glasgow,21,,3,Oxford Val,Oxford University,28,,,,,,,,,,,,,Elliot Birch,University of the West of England,3,,,,,,,,,,,,,,,,,,,,,,,,,,,,
,74,University of Stirling,74,0,0,2,0,0,0,0,72,0,0,0,0,0,0,0,,,22,SLUGS INSERT COLOUR,University Of Sheffield,27,,,,,,,,0161 Dons,University Of Manchester,19,,30,Glasgow Switches,University of Glasgow,8,,30,UofG Grizzlies,University of Glasgow,8,,13,Manchester Hornets,University Of Manchester,19,,4,South Bank Elephants Valorant Team A,London South Bank University,27,,,,,,,,,,,,,Fin Cook,Oxford University,3,,,,,,,,,,,,,,,,,,,,,,,,,,,,
,75,University of Huddersfield,72,72,0,0,0,0,0,0,0,0,0,0,0,0,0,0,,,23,NUCS,Newcastle University,26,,,,,,,,Ivern Republic of Birmingham,University Of Birmingham,19,,31,Sheffield Wyverns,University of Sheffield,7,,31,Swansea Slayers,Swansea University,7,,,grUEA,University of East Anglia,19,,5,Road 40,University Of York,27,,,,,,,,,,,,,Henry Barker,Durham University,3,,,,,,,,,,,,,,,,,,,,,,,,,,,,
,76,University of the Arts London,69,0,0,69,0,0,0,0,0,0,0,0,0,0,0,0,,,24,Head SHUters,Sheffield Hallam University,26,,,,,,,,Ladcaster,Lancaster University,19,,32,CarDiffed,Cardiff University,7,,32,PORTSMOUTH PANDAS,University of Portsmouth,7,,,MTW,University Of Lincoln,19,,6,Killjoy Simps,University College London,27,,,,,,,,,,,,,Joe Allum,University of Exeter,3,,,,,,,,,,,,,,,,,,,,,,,,,,,,
,77,York St John University,59,0,0,5,16,0,26,11,0,0,1,0,0,0,0,0,,,25,Team Fortnite,Cardiff University,26,,,,,,,Regional Standing,,,,,33,UoL Leicester Lobsters,University of Leicester,6,,33,Thats Enuffbruh,Loughborough University,6,,,Nott a Save,University Of Nottingham,19,,7,Westminster Dragons,University Of Westminster,26,,,,,,,,,,,,,Lasaga Serena Green,University of Northampton,3,,,,,,,,,,,,,,,,,,,,,,,,,,,,
,78,Middlesex University,49,0,0,0,0,0,0,0,49,0,0,0,0,0,0,0,,,26,INTperial,Imperial College London,25,,,,,,,33,Open,Birmingham City University,17,,34,SLincy,University of Lincoln,6,,34,Queens Guardians,Queens University Belfast,6,,,,,,,8,SVGE Red,University Of Southampton,26,,,,,,,,,,,,,Thashjanth Gajendran,Staffordshire University,3,,,,,,,,,,,,,,,,,,,,,,,,,,,,
,79,Anglia Ruskin University,48,0,0,0,0,29,19,0,0,0,0,0,0,0,0,0,,,27,Kebab Rush A Reloaded,Coventry University,25,,,,,,,34,UoY 4th,University Of York,17,,35,Saint Paindrews,University of St Andrews,6,,35,Leed Ons,University of Leeds,5,,,,,,,9,Birmingham Balls,University Of Birmingham,26,,,,,,,,,,,,,Vinayak Mukhia,City University Of London,3,,,,,,,,,,,,,,,,,,,,,,,,,,,,
,80,University of Dundee,48,0,0,5,40,0,0,0,0,0,0,0,0,0,0,3,,,28,m3tric,Imperial College London,25,,,,,,,35,NaCl Reformed,Newcastle University,16,,36,Sussex Sharks,University of Sussex,6,,36,Ruskin Ravens Purple,Anglia Ruskin University,5,,Northern League (Did not make playoffs),,,,,10,UEA Kingfishers,University of East Anglia,25,,,,,,,,,,,,25,Brenden Cummings,University of Sunderland,,,,,,,,,,,,,,,,,,,,,,,,,,,,,
,81,University of Hull,45,0,0,0,13,0,0,0,5,2,0,0,0,25,0,0,,,29,UEA Kingfishers,University of East Anglia,24,,,,,,,36,LanCaster Minions,Lancaster University,16,,37,Ulster Unicorns,Ulster University,5,,37,Lboro Team 1,Loughborough University,4,,,,,,,11,Caledonian Chargers VAL,Glasgow Caledonian University,25,,,,,,,,,,,,,Haaris Saleem,Brunel University,,,,,,,,,,,,,,,,,,,,,,,,,,,,,
,82,Cardiff Metropolitan University,43,0,0,0,0,0,0,0,42,0,0,0,0,0,1,0,,,30,FortnitePizza43,University Of York,24,,,,,,,37,Abertay LADS,University Of Abertay Dundee,15,,38,Silver Geese,University of Nottingham,5,,38,Live Laugh Love 2,Cardiff University,4,,,,,,,12,ZAAPbro Esport,University Of Nottingham,25,,,,,,,,,,,,,Holly Humphries,University of Northampton,,,,,,,,,,,,,,,,,,,,,,,,,,,,,
,83,Ulster University,43,0,0,0,5,0,0,0,31,0,0,0,0,0,7,0,,,31,YorkVikings,University Of York,24,,,,,,,38,SunderlandSimpStompers,University Of Sunderland,15,,39,Dundee Rearguard,University of Dundee,5,,39,Wyverns of West London,University of West London,3,,33,Loughborough Ive Had One Too Many,Loughborough University,17,,13,Roseus Regnum,Lancaster University,24,,,,,,,,,,,,,Jac Clement,University of the West of England,,,,,,,,,,,,,,,,,,,,,,,,,,,,,
,84,University Of West London,43,18,0,0,0,3,0,4,18,0,0,0,0,0,0,0,,,32,Valorant Enjoyers,University Of Manchester,23,,,,,,,39,Bang Tidy,Bangor University,14,,40,Banana eSports Society,University of Cambridge,5,,40,Aston Six,Aston University,3,,34,I barely know her,Bangor University,17,,14,ATE,University College London,24,,,,,,,,,,,,,Jak Evans,Staffordshire University,,,,,,,,,,,,,,,,,,,,,,,,,,,,,
,85,Edge Hill University,41,0,0,6,0,15,9,0,0,0,0,0,11,0,0,0,,,33,Colossal Cubs,Royal Holloway University Of London,23,,,,,,,40,Derby Raptors Team 2,University Of Derby,14,,41,Durham Disasters,Durham University,4,,41,Leicester Red Foxes,De Montfort University,2,,35,UEA Kiwis,University of East Anglia,16,,15,Swansea Dropouts,Swansea University,24,,,,,,,,,,,,,Kristian Hammond,Kingston University,,,,,,,,,,,,,,,,,,,,,,,,,,,,,
,86,University of Sunderland,31,0,0,16,0,15,0,0,0,0,0,0,0,0,0,0,,,34,Strapybara,University of Warwick,23,,,,,,,41,Parent diff,University Of Leeds,13,,42,Greasy Geese,University of York,4,,42,Shield Team Six,Teesside University,2,,36,Newcastle Nobles,Newcastle University,16,,16,Staffs London Rampage 2nd,Staffordshire University,23,,,,,,,,,,,,,Owen Roberts-McIntosh,De Montfort University,,,,,,,,,,,,,,,,,,,,,,,,,,,,,
,87,University of Bedfordshire,15,0,0,0,2,0,0,0,5,0,1,0,0,0,7,0,,,35,Swansea Storm Dragons,Swansea University,22,,,,,,,42,Jonnys Juicers,University Of Lincoln,13,,43,Polar Owls,University of Liverpool,4,,43,Soton Team 3,University of Southampton,1,,37,Bangor University Team 2,Bangor University,15,,17,QUB Theta,Queens University Belfast,23,,,,,,,,,,,,,Taela Senior,Brunel University,,,,,,,,,,,,,,,,,,,,,,,,,,,,,
,88,Leeds Beckett University,12,0,0,0,4,0,8,0,0,0,0,0,0,0,0,0,,,36,Toonarmy,Newcastle University,22,,,,,,,43,UEA Hawks V2,University of East Anglia,12,,44,Beckett Bears,Leeds Beckett University,4,,44,Cov pheonix Ice,Coventry University,1,,38,Bronze Bois,University Of Leeds,15,,18,Dr1pDr1p,University Of Warwick,23,,,,,,,,,,,,,,,,,,,,,,,,,,,,,,,,,,,,,,,,,,,
,89,Bath Spa University,11,0,0,0,0,0,0,0,11,0,0,0,0,0,0,0,,,37,Stale Sailors,University Of Southampton,22,,,,,,,44,beans,University Of Manchester,12,,45,KCL Lions,Kings College London,3,,45,Soton JagerBombers,University of Southampton,,,39,Loughborough F,Loughborough University,14,,19,Bunch of Kents,University Of Kent,22,,,,,,,,,,,,,,,,,,,,,,,,,,,,,,,,,,,,,,,,,,,
,90,University of Winchester,11,0,0,0,0,0,4,0,0,0,0,0,0,0,7,0,,,38,KCL Mighty Steeds,Kings College London,21,,,,,,,45,GtA,Lancaster University,11,,46,SWANTON BOMB,University of Lincoln,3,,46,Exeterrible,University of Exeter,,,40,The Trentlemen,Nottingham Trent University,14,,20,we should be diamond,University Of Essex,22,,,,,,,,,,,,,,,,,,,,,,,,,,,,,,,,,,,,,,,,,,,
,91,University Of Suffolk,10,0,0,0,0,0,0,0,10,0,0,0,0,0,0,0,,,39,Notts For Glory 2,University Of Nottingham,21,,,,,,,46,Durham Deez Nuts White,Durham University,11,,47,Hog Turret Torture,University of Southampton,3,,47,UWE SeaStags,University of The West of England,,,41,Sheffield Tricksters,University Of Sheffield,13,,21,Bangor Valorant Team,Bangor University,22,,,,,,,,,,,,,,,,,,,,,,,,,,,,,,,,,,,,,,,,,,,
,92,Queen Margaret University,8,0,0,8,0,0,0,0,0,0,0,0,0,0,0,0,,,40,666ix,Cardiff University,21,,,,,,,47,Bangor LoL Team 2,Bangor University,10,,48,Oxford Omnics,Oxford University,3,,48,Derby Peaches,University of Derby,,,42,UoB Circos,University Of Birmingham,13,,22,B R I Z B O Y S,University Of Bristol,21,,,,,,,,,,,,,,,,,,,,,,,,,,,,,,,,,,,,,,,,,,,
,93,Leeds Conservatoire,6,4,0,0,1,0,0,0,0,0,1,0,0,0,0,0,,,41,Abercadabra,Aberystwyth University,20,,,,,,,48,Vanix Esports Pink,Staffordshire University,10,,49,Trent Thunder Pink,Nottingham Trent University,2,,49,Brunel Brutes,Brunel University,,,43,Manchester Bees,University Of Manchester,12,,23,Reconcilable Whiffs,University Of Bath,21,,,,,,,,,,,,,,,,,,,,,,,,,,,,,,,,,,,,,,,,,,,
,94,Leeds Trinity University,6,0,0,0,0,0,0,0,6,0,0,0,0,0,0,0,,,42,Edinburgh Eclipse,University Of Edinburgh,20,,,,,,,49,UoM_T3,University Of Manchester,9,,50,Bedford Bandits,University of Bedfordshire,2,,50,UCL Quails,University College London,,,44,QUB White Tigers,Queens University Belfast,12,,24,Northampton Gorillas A,University Of Northampton,21,,,,,,,,,,,,,,,,,,,,,,,,,,,,,,,,,,,,,,,,,,,
,95,School Of Oriental And African Studies,5,0,0,0,0,0,0,0,0,0,0,0,0,3,2,0,,,43,BU BARRACUDAS BLUE,Bournemouth University,20,,,,,,,50,Hallam Inters,Sheffield Hallam University,9,,51,Kentamines,University of Kent,2,,51,Queens Guards,Queen Mary University of London,,,45,ClueLeic,University Of Leicester,11,,25,Green Bombers,Lancaster University,20,,,,,,,,,,,,,,,,,,,,,,,,,,,,,,,,,,,,,,,,,,,
,96,University of Greenwich,5,0,0,0,0,0,0,0,0,0,0,5,0,0,0,0,,,44,Swans in Sweatpants,University Of Lincoln,20,,,,,,,51,Salford Mufasas,University Of Salford,8,,52,Aston Archangels,Aston University,2,,52,MMU Mammoths,Manchester Metropolitan University,,,46,Siiuuugs,University Of Sheffield,11,,26,Aston Angels,Aston University,20,,,,,,,,,,,,,,,,,,,,,,,,,,,,,,,,,,,,,,,,,,,
,97,Southampton Solent University,3,0,0,0,0,0,0,0,0,0,0,0,3,0,0,0,,,45,Kebaby,Bangor University,19,,,,,,,52,Monarchs,Queen Margaret University,8,,53,Leeds conservatoire Overwatch,Leeds Conservatoire,1,,53,Nott for fun,University of Nottingham,,,47,Fit Trent Lads,Nottingham Trent University,10,,27,Parabellum,Loughborough University,20,,,,,,,,,,,,,,,,,,,,,,,,,,,,,,,,,,,,,,,,,,,
,98,Kingston University,1,0,0,0,0,0,0,0,0,0,1,0,0,0,0,0,,,46,Bristol Bakas,University Of Bristol,19,,,,,,,53,CEOs,Sheffield Hallam University,7,,54,Warwick Competitive Team B,University of Warwick,1,,,,,,,48,UoB Pitstops,University Of Birmingham,10,,28,UWE Sea Stags Black,University Of The West Of England,20,,,,,,,,,,,,,,,,,,,,,,,,,,,,,,,,,,,,,,,,,,,
,,,,,,,,,,,,,,,,,,,,,47,Queen and Kentry,University Of Kent,19,,,,,,,54,Nottingham ESP,University Of Nottingham,7,,55,Falmouth Phoenix,FXU (Falmouth & Exeter Student's Union),1,,,,,,,49,EHU Overcommit Squad,Edge Hill University,9,,29,Watt are you doing in my swamp,Heriot Watt University,19,,,,,,,,,,,,,,,,,,,,,,,,,,,,,,,,,,,,,,,,,,,
,,,,,,,,,,,,,,,,,,,,,48,Royal Cubs,Royal Holloway University Of London,19,,,,,,,55,Speelings Esports Academy Mark II,Keele University,6,,56,UEA Nightjars,University of East Anglia,1,,,,,,,50,Durham Team 6,Durham University,9,,30,Rejexeter,University Of Exeter,19,,,,,,,,,,,,,,,,,,,,,,,,,,,,,,,,,,,,,,,,,,,
,,,,,,,,,,,,,,,,,,,,,49,Spray and Pray,Coventry University,18,,,,,,,56,Smeg Hill LOL,Edge Hill University,6,,57,UCL team 1,University College London,,,,,,,,51,loughborough longshots,Loughborough University,8,,31,Aber Academy,Aberystwyth University,19,,,,,,,,,,,,,,,,,,,,,,,,,,,,,,,,,,,,,,,,,,,
,,,,,,,,,,,,,,,,,,,,,50,UWL,University Of West London,18,,,,,,,57,Trent_Thunder Green,Nottingham Trent University,6,,58,Warwick Triangles,University of Warwick,,,,,,,,52,UEA Celestials,University of East Anglia,8,,32,Washed Nottingham,University Of Nottingham,19,,,,,,,,,,,,,,,,,,,,,,,,,,,,,,,,,,,,,,,,,,,
,,,,,,,,,,,,,,,,,,,,,51,Warmup,University Of Warwick,18,,,,,,,58,MMU Minotaur team 2,Manchester Metropolitan University,6,,59,Belfasts Jumbo Sausage Rolls,Queens University Belfast,,,,,,,,53,TrentBoys,Nottingham Trent University,7,,33,Nottin Her DMs,University Of Nottingham,18,,,,,,,,,,,,,,,,,,,,,,,,,,,,,,,,,,,,,,,,,,,
,,,,,,,,,,,,,,,,,,,,,52,ShowerHeads,University Of Bath,18,,,,,,,59,Jo,University Of Abertay Dundee,5,,60,Salford Lions OWO,University of Salford,,,,,,,,54,Keele Kings,Keele University,7,,34,UoL Val,University Of Lincoln,18,,,,,,,,,,,,,,,,,,,,,,,,,,,,,,,,,,,,,,,,,,,
,,,,,,,,,,,,,,,,,,,,,53,Da Cool Kids,University Of Sheffield,17,,,,,,,60,Freaks And Geeks,University Of York,5,,61,Durham Doge,Durham University,,,,,,,,55,Ball is strife,University Of Liverpool,6,,35,West London Wyverns,University Of West London,18,,,,,,,,,,,,,,,,,,,,,,,,,,,,,,,,,,,,,,,,,,,
,,,,,,,,,,,,,,,,,,,,,54,MMU Minotaurs 2,Manchester Metropolitan University,17,,,,,,,61,LeTrolls,Loughborough University,5,,62,Shadows,Staffordshire University,,,,,,,,56,MMU Minotaurs,Manchester Metropolitan University,6,,36,Aston Daemons,Aston University,18,,,,,,,,,,,,,,,,,,,,,,,,,,,,,,,,,,,,,,,,,,,
,,,,,,,,,,,,,,,,,,,,,55,Team Choir of Angels,University Of Leeds,17,,,,,,,62,The Church of Siontology,University Of Dundee,5,,63,Herts Lightning,University of Hertfordshire,,,,,,,,57,Nobles,Newcastle University,6,,37,Sussex Sharks 2,University Of Sussex,17,,,,,,,,,,,,,,,,,,,,,,,,,,,,,,,,,,,,,,,,,,,
,,,,,,,,,,,,,,,,,,,,,56,CUT3ST,University Of Cambridge,17,,,,,,,63,L9,University Of Leicester,4,,64,Mercy mains unite,University of Essex,,,,,,,,58,Beckett DTECs,Leeds Beckett University,6,,38,BU STANUT,Bournemouth University,17,,,,,,,,,,,,,,,,,,,,,,,,,,,,,,,,,,,,,,,,,,,
,,,,,,,,,,,,,,,,,,,,,57,half natty head tappers2,Lancaster University,16,,,,,,,64,Needlessly Large Rod,University Of Leicester,4,,65,Bee,University of Manchester,,,,,,,,59,SHUting Stars,Sheffield Hallam University,5,,39,Cambridge Cavalry,University Of Cambridge,17,,,,,,,,,,,,,,,,,,,,,,,,,,,,,,,,,,,,,,,,,,,
,,,,,,,,,,,,,,,,,,,,,58,Leeds Gryphons Team 1,University Of Leeds,16,,,,,,,65,Ncl Gamers,Newcastle University,4,,66,BSU Legion,Bath Spa University,,,,,,,,60,TrentTrebo,Nottingham Trent University,5,,40,Middlesex Mafia Crimson,Middlesex University,17,,,,,,,,,,,,,,,,,,,,,,,,,,,,,,,,,,,,,,,,,,,
,,,,,,,,,,,,,,,,,,,,,59,The Magpies,Newcastle University,16,,,,,,,66,MMU Minotaurs Team 3,Manchester Metropolitan University,4,,67,The Disappointkents,University of Kent,,,,,,,,61,The Very Best York Pun Name,University Of York,5,,41,KCL Green,Kings College London,16,,,,,,,,,,,,,,,,,,,,,,,,,,,,,,,,,,,,,,,,,,,
,,,,,,,,,,,,,,,,,,,,,60,BCU TBD,Birmingham City University,15,,,,,,,67,T1 Eboracum Esports YSJ,York St John University,3,,68,Kentastrophe,University of Kent,,,,,,,,62,Glasgow Grizzlies B,University Of Glasgow,5,,42,Warwick Wherewolves,University Of Warwick,16,,,,,,,,,,,,,,,,,,,,,,,,,,,,,,,,,,,,,,,,,,,
,,,,,,,,,,,,,,,,,,,,,61,UCL Asteroids,University College London,15,,,,,,,68,Trent Thunder Red,Nottingham Trent University,3,,69,Who Asked,Liverpool John Moores University,,,,,,,,63,Sheffield Lions,University Of Sheffield,4,,43,Shio Kosho,University Of Kent,16,,,,,,,,,,,,,,,,,,,,,,,,,,,,,,,,,,,,,,,,,,,
,,,,,,,,,,,,,,,,,,,,,62,Durham Chaos,Durham University,14,,,,,,,69,Dont Jinx It,University Of Leeds,3,,70,UWE SeaStags White,University of The West of England,,,,,,,,64,Abertay Astronauts,University Of Abertay Dundee,4,,44,The Liabilities Of Leicester,University Of Leicester,16,,,,,,,,,,,,,,,,,,,,,,,,,,,,,,,,,,,,,,,,,,,
,,,,,,,,,,,,,,,,,,,,,63,Dreadnought,University Of Surrey,14,,,,,,,70,Unarmed and Dangerous,University Of Manchester,3,,71,BCUwU,Birmingham City University,,,,,,,,65,Staffordshire Samurais,Staffordshire University,4,,45,Abertay University B,University Of Abertay Dundee,15,,,,,,,,,,,,,,,,,,,,,,,,,,,,,,,,,,,,,,,,,,,
,,,,,,,,,,,,,,,,,,,,,64,Keele Krakens B,Keele University,13,,,,,,,71,W w watts going on on,Heriot Watt University,2,,72,RHUL Academy team,Royal Holloway University of London,,,,,,,,66,UseLeic,University Of Leicester,3,,46,Silver Sentinels,Royal Holloway University Of London,15,,,,,,,,,,,,,,,,,,,,,,,,,,,,,,,,,,,,,,,,,,,
,,,,,,,,,,,,,,,,,,,,,65,QUBread,Queens University Belfast,13,,,,,,,72,GSOCs Battle Academia,University Of Stirling,2,,,,,,,,,,,,67,Watt a Save,Heriot Watt University,3,,47,South Bank Elephants Valorant Team B,London South Bank University,15,,,,,,,,,,,,,,,,,,,,,,,,,,,,,,,,,,,,,,,,,,,
,,,,,,,,,,,,,,,,,,,,,66,Brunel CSGO TEAM B UHHH,Brunel University,12,,,,,,,73,Still Rampaging,Staffordshire University,2,,,,,,,,,,,,68,Beckett Bears,Leeds Beckett University,2,,48,Staffordshire Simps,Staffordshire University,15,,,,,,,,,,,,,,,,,,,,,,,,,,,,,,,,,,,,,,,,,,,
,,,,,,,,,,,,,,,,,,,,,67,Knights of Reading B,University Of Reading,12,,,,,,,74,T2 Eboracum Esports YSJ,York St John University,2,,,,,,,,,,,,69,SLUGSss,University Of Sheffield,2,,49,Roehampton Assassins,Roehampton University,14,,,,,,,,,,,,,,,,,,,,,,,,,,,,,,,,,,,,,,,,,,,
,,,,,,,,,,,,,,,,,,,,,68,MMU MINOTAURS 3,Manchester Metropolitan University,11,,,,,,,75,Backshalls Finest,Bangor University,1,,,,,,,,,,,,70,Staffs Sasquatches,Staffordshire University,1,,50,Trent Thunder 2,Nottingham Trent University,14,,,,,,,,,,,,,,,,,,,,,,,,,,,,,,,,,,,,,,,,,,,
,,,,,,,,,,,,,,,,,,,,,69,Nott Gonna Get a Kill,University Of Nottingham,11,,,,,,,76,Pork Benson,University Of Sunderland,1,,,,,,,,,,,,71,All Stars,University Of Lincoln,1,,51,Team U3A,University of East Anglia,14,,,,,,,,,,,,,,,,,,,,,,,,,,,,,,,,,,,,,,,,,,,
,,,,,,,,,,,,,,,,,,,,,70,Yorkus Porkus,University Of York,10,,,,,,,77,watts my jungle doing,Heriot Watt University,1,,,,,,,,,,,,72,FC Carcelona,University Of Sheffield,,,52,Northampton Gorillas B,University Of Northampton,14,,,,,,,,,,,,,,,,,,,,,,,,,,,,,,,,,,,,,,,,,,,
,,,,,,,,,,,,,,,,,,,,,71,SHU Money Crew,Sheffield Hallam University,10,,,,,,,78,M9 Kekless,University Of Manchester,1,,,,,,,,,,,,73,Aston Guardians,Aston University,,,53,IMPasta,Imperial College London,13,,,,,,,,,,,,,,,,,,,,,,,,,,,,,,,,,,,,,,,,,,,
,,,,,,,,,,,,,,,,,,,,,72,mouse1 enjoyers,Imperial College London,9,,,,,,,79,Huddersfield Houndz,University Of Huddersfield,,,,,,,,,,,,,74,Pending Team Name,University Of Lincoln,,,54,Coventry MLG 69 420 All Stars,Coventry University,13,,,,,,,,,,,,,,,,,,,,,,,,,,,,,,,,,,,,,,,,,,,
,,,,,,,,,,,,,,,,,,,,,73,Human Flashbangs,University Of Southampton,9,,,,,,,80,UEA Pelicans,University of East Anglia,,,,,,,,,,,,,75,Aston Angels,Aston University,,,55,Sussex Sharks 3,University Of Sussex,13,,,,,,,,,,,,,,,,,,,,,,,,,,,,,,,,,,,,,,,,,,,
,,,,,,,,,,,,,,,,,,,,,74,UCrackedL,University College London,8,,,,,,,81,Big Duck Energy,Durham University,,,,,,,,,,,,,76,YSJ Jets,York St John University,,,56,KCL Yellow,Kings College London,13,,,,,,,,,,,,,,,,,,,,,,,,,,,,,,,,,,,,,,,,,,,
,,,,,,,,,,,,,,,,,,,,,75,Rejexeter,University Of Exeter,8,,,,,,,82,5 Man Botlane,University Of Birmingham,,,,,,,,,,,,,77,Team Joe,Durham University,,,57,Salford Lions,University of Salford,12,,,,,,,,,,,,,,,,,,,,,,,,,,,,,,,,,,,,,,,,,,,
,,,,,,,,,,,,,,,,,,,,,76,de_nuke_defenders,Oxford Brookes University,7,,,,,,,83,London Staffs Cepheus,Staffordshire University,,,,,,,,,,,,,78,Steven Skeeleberg,Keele University,,,58,UWE Sea Stags Red,University Of The West Of England,12,,,,,,,,,,,,,,,,,,,,,,,,,,,,,,,,,,,,,,,,,,,
,,,,,,,,,,,,,,,,,,,,,77,Westminster Dragons,University Of Westminster,7,,,,,,,84,Yummy Krug,Durham University,,,,,,,,,,,,,79,UoB Snobs,University Of Birmingham,,,59,Blood Bath,University Of Bath,12,,,,,,,,,,,,,,,,,,,,,,,,,,,,,,,,,,,,,,,,,,,
,,,,,,,,,,,,,,,,,,,,,78,BU and a Half Men,Bournemouth University,6,,,,,,,85,UOL Blebs,University Of Lincoln,,,,,,,,,,,,,80,Manchester Swarm,University Of Manchester,,,60,Yoru Mains,Bournemouth University,12,,,,,,,,,,,,,,,,,,,,,,,,,,,,,,,,,,,,,,,,,,,
,,,,,,,,,,,,,,,,,,,,,79,Knights of Reading,University Of Reading,6,,,,,,,86,Northumbria Vikings,Northumbria University,,,,,,,,,,,,,81,Abertay Aces,University Of Abertay Dundee,,,61,Cyanide,Kings College London,11,,,,,,,,,,,,,,,,,,,,,,,,,,,,,,,,,,,,,,,,,,,
,,,,,,,,,,,,,,,,,,,,,80,BU Barracudas Red,Bournemouth University,6,,,,,,,87,Irate Irons,University Of Glasgow,,,,,,,,,,,,,82,Rocketayers,University Of Abertay Dundee,,,62,AstonApesValorant,Aston University,11,,,,,,,,,,,,,,,,,,,,,,,,,,,,,,,,,,,,,,,,,,,
,,,,,,,,,,,,,,,,,,,,,81,PETER GRIFFIN,Oxford Brookes University,6,,,,,,,88,Cass in Boots,University Of Leeds,,,,,,,,,,,,,83,Teesside Team B,Teesside University,,,63,Bath Spa Head Clickers,Bath Spa University,11,,,,,,,,,,,,,,,,,,,,,,,,,,,,,,,,,,,,,,,,,,,
,,,,,,,,,,,,,,,,,,,,,82,Lancaster Team 3,Lancaster University,5,,,,,,,89,thicc frost irelia,University Of Liverpool,,,,,,,,,,,,,84,Watt are you doing,Heriot Watt University,,,64,Team CarDiff,Cardiff University,11,,,,,,,,,,,,,,,,,,,,,,,,,,,,,,,,,,,,,,,,,,,
,,,,,,,,,,,,,,,,,,,,,83,DMUr Mum,De Montfort University,5,,,,,,,90,Sheffilled,University Of Sheffield,,,,,,,,,,,,,85,Even Betterer York Pun Name,University Of York,,,65,IC Dead People,Imperial College London,10,,,,,,,,,,,,,,,,,,,,,,,,,,,,,,,,,,,,,,,,,,,
,,,,,,,,,,,,,,,,,,,,,84,Bede Pigeons,De Montfort University,5,,,,,,,91,Cosmic Cats,De Montfort University,,,,,,,,,,,,,86,Nice Shottingham,University Of Nottingham,,,66,LJMU Valo B,Liverpool John Moores University,10,,,,,,,,,,,,,,,,,,,,,,,,,,,,,,,,,,,,,,,,,,,
,,,,,,,,,,,,,,,,,,,,,85,Warwick First Team,University Of Warwick,5,,,,,,,92,Raw Pasta Enjoyers,Nottingham Trent University,,,,,,,,,,,,,87,StAGS A,University Of St Andrews,,,67,UosEsports,University Of Suffolk,10,,,,,,,,,,,,,,,,,,,,,,,,,,,,,,,,,,,,,,,,,,,
,,,,,,,,,,,,,,,,,,,,,86,Tside Teesside,Teesside University,4,,,,,,,93,Angry Swans,University Of Lincoln,,,,,,,,,,,,,88,UEA Macaws,University of East Anglia,,,68,Falmouth Phoenix Black,FXU (Falmouth & Exeter Student's Union),10,,,,,,,,,,,,,,,,,,,,,,,,,,,,,,,,,,,,,,,,,,,
,,,,,,,,,,,,,,,,,,,,,87,SUSSex,University Of Sussex,4,,,,,,,94,cal x james1,Birmingham City University,,,,,,,,,,,,,89,Net6 and chill,Durham University,,,69,KCL White Ligers,Kings College London,9,,,,,,,,,,,,,,,,,,,,,,,,,,,,,,,,,,,,,,,,,,,
,,,,,,,,,,,,,,,,,,,,,88,Liverpool arctic foxes,University Of Liverpool,4,,,,,,,95,TCG,Staffordshire University,,,,,,,,,,,,,,,,,,70,Mango UoM,University Of Manchester,9,,,,,,,,,,,,,,,,,,,,,,,,,,,,,,,,,,,,,,,,,,,
,,,,,,,,,,,,,,,,,,,,,89,Leeds conservatoire CSGO,Leeds Conservatoire,4,,,,,,,96,Hull Hornets,University Of Hull,,,,,,,,,,,,,,,,,,71,Coventry Ember,Coventry University,9,,,,,,,,,,,,,,,,,,,,,,,,,,,,,,,,,,,,,,,,,,,
,,,,,,,,,,,,,,,,,,,,,90,Bot Gang,University Of Sussex,3,,,,,,,97,Needlessly Large Rods,University Of Nottingham,,,,,,,,,,,,,South div 1,,,,,72,Portsmouth Pythons,University Of Portsmouth,9,,,,,,,,,,,,,,,,,,,,,,,,,,,,,,,,,,,,,,,,,,,
,,,,,,,,,,,,,,,,,,,,,91,UWE Sea Stags Orange,University Of The West Of England,3,,,,,,,,,,,,,,,,,,,,,,1,Bath Azure,University Of Bath,59,,73,SLUGS 2,University Of Sheffield,8,,,,,,,,,,,,,,,,,,,,,,,,,,,,,,,,,,,,,,,,,,,
,,,,,,,,,,,,,,,,,,,,,92,CUT3,University of Cambridge,3,,,,,,,,,,,,,,,,,,,,,,2,Sussex Sawsharks,University Of Sussex,55,,74,Valorant Vikings,University Of York,8,,,,,,,,,,,,,,,,,,,,,,,,,,,,,,,,,,,,,,,,,,,
,,,,,,,,,,,,,,,,,,,,,93,UoB eSports Charlie,University Of Birmingham,3,,,,,,,South,,,,,,,,,,,,,,,3,Exeterestrial Ballchasers,University Of Exeter,50,,75,btec sentinels,Brunel University,8,,,,,,,,,,,,,,,,,,,,,,,,,,,,,,,,,,,,,,,,,,,
,,,,,,,,,,,,,,,,,,,,,94,Bangor University Team 2,Bangor University,2,,,,,,,Div 1,,,,,,,,,,,,,,,,UWE SeaStags Red,University Of The West Of England,50,,76,Btech Chi,University Of Chichester,8,,,,,,,,,,,,,,,,,,,,,,,,,,,,,,,,,,,,,,,,,,,
,,,,,,,,,,,,,,,,,,,,,95,PINNK,Cardiff University,2,,,,,,,1,Swansea Tempest,Swansea University,59,,,,,,,,,,,,5,Cambridge Ravens,University Of Cambridge,44,,77,Essex Valorant,University Of Essex,7,,,,,,,,,,,,,,,,,,,,,,,,,,,,,,,,,,,,,,,,,,,
,,,,,,,,,,,,,,,,,,,,,96,Subs in the tub,University Of Bath,2,,,,,,,2,Sigma Kayle,University Of Cambridge,55,,,,,,,,,,,,,Bath Bombs,University Of Bath,44,,78,Brunel,Brunel University,7,,,,,,,,,,,,,,,,,,,,,,,,,,,,,,,,,,,,,,,,,,,
,,,,,,,,,,,,,,,,,,,,,97,We couldnt agree on a name,University of Derby,2,,,,,,,,Big Bad Warwick,University Of Warwick,50,,,,,,,,,,,,,Universally Challenged,University Of Southampton,44,,79,KentZ,University Of Kent,7,,,,,,,,,,,,,,,,,,,,,,,,,,,,,,,,,,,,,,,,,,,
,,,,,,,,,,,,,,,,,,,,,98,Trent Thunder Diamond,Nottingham Trent University,1,,,,,,,4,Intperial,Imperial College London,50,,,,,,,,,,,,,Warwick Corner Boost over Ball,University Of Warwick,44,,80,Boosted Bonobos,Cardiff University,7,,,,,,,,,,,,,,,,,,,,,,,,,,,,,,,,,,,,,,,,,,,
,,,,,,,,,,,,,,,,,,,,,99,Derbados,University Of Derby,1,,,,,,,5,Big Bath Bombers,University Of Bath,44,,,,,,,,,,,,9,Bournemouth Barracudas V2,Bournemouth University,36,,81,No Aim No Brain,Bournemouth University,6,,,,,,,,,,,,,,,,,,,,,,,,,,,,,,,,,,,,,,,,,,,
,,,,,,,,,,,,,,,,,,,,,100,Lboro Lions,Loughborough University,1,,,,,,,,Makka Pakka,University Of Hertfordshire,44,,,,,,,,,,,,,IC Trees of Green,Imperial College London,36,,82,QUB Iota,Queens University Belfast,6,,,,,,,,,,,,,,,,,,,,,,,,,,,,,,,,,,,,,,,,,,,
,,,,,,,,,,,,,,,,,,,,,101,Blades V2,University Of Essex,1,,,,,,,,IC Boosted Broadband,Imperial College London,44,,,,,,,,,,,,,Reading Knights B,University Of Reading,36,,83,Trinity youre welcome,Leeds Trinity University,6,,,,,,,,,,,,,,,,,,,,,,,,,,,,,,,,,,,,,,,,,,,
,,,,,,,,,,,,,,,,,,,,,102,slOUchers,Oxford University,,,,,,,,,UWE Sea Stags Black 21_22,University Of The West Of England,44,,,,,,,,,,,,,Reading Knights C,University Of Reading,36,,84,City Team C,City University Of London,6,,,,,,,,,,,,,,,,,,,,,,,,,,,,,,,,,,,,,,,,,,,
,,,,,,,,,,,,,,,,,,,,,103,UoB Esports Bravo,University Of Birmingham,,,,,,,,Div 2,,,,,,,,,,,,,,,13,IC Skies of Blue,Imperial College London,29,,85,BOPE,Royal Holloway University Of London,6,,,,,,,,,,,,,,,,,,,,,,,,,,,,,,,,,,,,,,,,,,,
,,,,,,,,,,,,,,,,,,,,,104,CUT3R,University Of Cambridge,,,,,,,,1,KCLYellow,Kings College London,39,,,,,,,,,,,,,Hertfordshire Hares,University Of Hertfordshire,29,,86,Uni Linc Val 2,University Of Lincoln,6,,,,,,,,,,,,,,,,,,,,,,,,,,,,,,,,,,,,,,,,,,,
,,,,,,,,,,,,,,,,,,,,,105,YorkByte,University Of York,,,,,,,,2,IntersAtHerts,University Of Hertfordshire,37,,,,,,,,,,,,,Warwick Subsonic Legends,University Of Warwick,29,,87,Newcastle Lions B,Newcastle University,6,,,,,,,,,,,,,,,,,,,,,,,,,,,,,,,,,,,,,,,,,,,
,,,,,,,,,,,,,,,,,,,,,106,Students in Pyjamas,Sheffield Hallam University,,,,,,,,3,Surracha,University Of Surrey,34,,,,,,,,,,,,,Portsmouth Pancakes,University Of Portsmouth,29,,88,Essex Team 3,University Of Essex,6,,,,,,,,,,,,,,,,,,,,,,,,,,,,,,,,,,,,,,,,,,,
,,,,,,,,,,,,,,,,,,,,,107,Team Sussy Baka,University Of Leicester,,,,,,,,,Swansea Tide Turners,Swansea University,34,,,,,,,,,,,,,,,,,89,Reading Knights B,University Of Reading,5,,,,,,,,,,,,,,,,,,,,,,,,,,,,,,,,,,,,,,,,,,,
,,,,,,,,,,,,,,,,,,,,,108,Portsmouth Panthers,University Of Portsmouth,,,,,,,,5,SINGLE DINGLE,Oxford University,29,,,,,,,,,,,,,,,,,90,Hull hornets,University Of Hull,5,,,,,,,,,,,,,,,,,,,,,,,,,,,,,,,,,,,,,,,,,,,
,,,,,,,,,,,,,,,,,,,,,109,Peeker Capaldi,University Of Nottingham,,,,,,,,,Plymouth Leviathans Alpha team,University Of Plymouth,29,,,,,,,,,,,,South 2nd Division,,,,,91,DMU Pingu,De Montfort University,5,,,,,,,,,,,,,,,,,,,,,,,,,,,,,,,,,,,,,,,,,,,
,,,,,,,,,,,,,,,,,,,,,110,Roehampton Hydras 2,Roehampton University,,,,,,,,,ImperiaI CIowns,Imperial College London,29,,,,,,,,,,,,,,,,,92,Trojans,University Of Liverpool,5,,,,,,,,,,,,,,,,,,,,,,,,,,,,,,,,,,,,,,,,,,,
,,,,,,,,,,,,,,,,,,,,,111,Trent Thunder Ruby,Nottingham Trent University,,,,,,,,,Light Black Warwick,University Of Warwick,29,,,,,,,,,,,,,,,,,93,Plymouth Leviathans C Team,University Of Plymouth,5,,,,,,,,,,,,,,,,,,,,,,,,,,,,,,,,,,,,,,,,,,,
,,,,,,,,,,,,,,,,,,,,,112,Leeds Gryphons Team 5,University Of Leeds,,,,,,,,Div 3,,,,,,,,,,,,,,,1,BUnda,Bournemouth University,27,,94,Bedford Bulls,University Of Bedfordshire,5,,,,,,,,,,,,,,,,,,,,,,,,,,,,,,,,,,,,,,,,,,,
,,,,,,,,,,,,,,,,,,,,,113,The Hertfordshire Stags,University Of Hertfordshire,,,,,,,,1,Warwick Reborn,University Of Warwick,27,,,,,,,,,,,,2,Kent Kings,University Of Kent,26,,95,Keele Krakens C,Keele University,5,,,,,,,,,,,,,,,,,,,,,,,,,,,,,,,,,,,,,,,,,,,
,,,,,,,,,,,,,,,,,,,,,114,Aston Angels CSGO,Aston University,,,,,,,,2,The Only Way is Int,University Of Essex,26,,,,,,,,,,,,3,Cardiff Crusaders,Cardiff University,26,,96,UWE Sea Stags White,University Of The West Of England,5,,,,,,,,,,,,,,,,,,,,,,,,,,,,,,,,,,,,,,,,,,,
,,,,,,,,,,,,,,,,,,,,,115,Essex Esports,University Of Essex,,,,,,,,3,Rift Clappers,University Of Sussex,26,,,,,,,,,,,,,UWE SeaStags White,University Of The West Of England,26,,97,Essex Esports,University Of Essex,4,,,,,,,,,,,,,,,,,,,,,,,,,,,,,,,,,,,,,,,,,,,
,,,,,,,,,,,,,,,,,,,,,116,Eating huel,Coventry University,,,,,,,,,UWE SeaStags White,University Of The West Of England,26,,,,,,,,,,,,5,Falmouth Phoenix,FXU (Falmouth & Exeter Student's Union),24,,98,Lincoln Uni Team 3 Toe Shooters,University Of Lincoln,4,,,,,,,,,,,,,,,,,,,,,,,,,,,,,,,,,,,,,,,,,,,
,,,,,,,,,,,,,,,,,,,,,117,Watt Are You Doing,Heriot Watt University,,,,,,,,5,Reading Knights aka TSM 2,University Of Reading,24,,,,,,,,,,,,,Portsmouth Pillocks,University Of Portsmouth,24,,99,Whiffers Cult,University Of Manchester,4,,,,,,,,,,,,,,,,,,,,,,,,,,,,,,,,,,,,,,,,,,,
,,,,,,,,,,,,,,,,,,,,,118,Durham Disasters,Durham University,,,,,,,,,Boosted Bristol v3,University Of Bristol,24,,,,,,,,,,,,,Oxford Brookes Vipers Team 7,Oxford Brookes University,24,,100,Derby RAMs,University Of Derby,4,,,,,,,,,,,,,,,,,,,,,,,,,,,,,,,,,,,,,,,,,,,
,,,,,,,,,,,,,,,,,,,,,119,The Saints,University Of St Andrews,,,,,,,,,SVGE LoL RED,University Of Southampton,24,,,,,,,,,,,,,Warwick Justice for Smiley Faces,University Of Warwick,24,,101,Portsmouth Plonkers,University Of Portsmouth,3,,,,,,,,,,,,,,,,,,,,,,,,,,,,,,,,,,,,,,,,,,,
,,,,,,,,,,,,,,,,,,,,,120,UEA Penguins,University of East Anglia,,,,,,,,,Bristol Bee vers,University Of Bristol,24,,,,,,,,,,,,9,Warwick Whats the Magic Word,University Of Warwick,21,,102,Queens Gambit,Queen Mary University Of London,3,,,,,,,,,,,,,,,,,,,,,,,,,,,,,,,,,,,,,,,,,,,
,,,,,,,,,,,,,,,,,,,,,121,QUbers,Queens University Belfast,,,,,,,,Div 4,,,,,,,,,,,,,,,,Bath Cerulean,University Of Bath,21,,103,Big Schmulers,Manchester Metropolitan University,3,,,,,,,,,,,,,,,,,,,,,,,,,,,,,,,,,,,,,,,,,,,
,,,,,,,,,,,,,,,,,,,,,122,0161 is how many bullets we need to kill,University Of Manchester,,,,,,,,1,Lol KCL Green,Kings College London,22,,,,,,,,,,,,,Bristol Beests,University Of Bristol,21,,104,Leeds team 1,University Of Leeds,3,,,,,,,,,,,,,,,,,,,,,,,,,,,,,,,,,,,,,,,,,,,
,,,,,,,,,,,,,,,,,,,,,123,Leeds Gryphons,University of Leeds,,,,,,,,2,PSY 5,Roehampton University,21,,,,,,,,,,,,,Soton Silly Sausages,University Of Southampton,21,,105,Stags Free Trial,University Of Hertfordshire,2,,,,,,,,,,,,,,,,,,,,,,,,,,,,,,,,,,,,,,,,,,,
,,,,,,,,,,,,,,,,,,,,,124,DMUr Sis,De Montfort University,,,,,,,,3,5 supports 1 team,Coventry University,20,,,,,,,,,,,,13,Royal Bears,Royal Holloway University Of London,19,,106,ARMADA,Loughborough University,2,,,,,,,,,,,,,,,,,,,,,,,,,,,,,,,,,,,,,,,,,,,
,,,,,,,,,,,,,,,,,,,,,125,flexeterer,University Of Exeter,,,,,,,,,Plymouth Leviathans Team Beta,University Of Plymouth,20,,,,,,,,,,,,,The Powerpuff Girls,University Of Surrey,19,,107,Seeny Beenies,Kings College London,2,,,,,,,,,,,,,,,,,,,,,,,,,,,,,,,,,,,,,,,,,,,
,,,,,,,,,,,,,,,,,,,,,126,Middlesex Mafia Gold,Middlesex University,,,,,,,,5,Bristol Stingers,University Of Bristol,19,,,,,,,,,,,,,Three Muskenteers,University Of Kent,19,,108,We win these,Queen Mary University Of London,2,,,,,,,,,,,,,,,,,,,,,,,,,,,,,,,,,,,,,,,,,,,
,,,,,,,,,,,,,,,,,,,,,127,WIG In Progress,University Of Warwick,,,,,,,,,chimps,Brunel University,19,,,,,,,,,,,,,Surrey Stags 21,University Of Surrey,19,,109,Durham Dynasty,Durham University,1,,,,,,,,,,,,,,,,,,,,,,,,,,,,,,,,,,,,,,,,,,,
,,,,,,,,,,,,,,,,,,,,,128,Loughbruh Fusion,Loughborough University,,,,,,,,,Firefang Warwick,University Of Warwick,19,,,,,,,,,,,,,,,,,110,UEA Canaries,University of East Anglia,1,,,,,,,,,,,,,,,,,,,,,,,,,,,,,,,,,,,,,,,,,,,
,,,,,,,,,,,,,,,,,,,,,129,UCL Happy to B Here,University College London,,,,,,,,,SilverDotEXE,University Of Exeter,19,,,,,,,,,,,,,,,,,111,Hallowed Empire,De Montfort University,1,,,,,,,,,,,,,,,,,,,,,,,,,,,,,,,,,,,,,,,,,,,
,,,,,,,,,,,,,,,,,,,,,130,TeaM4nchester,University Of Manchester,,,,,,,,Regional Standing,,,,,,,,,,,,,,,Southern League (Did not make playoffs),,,,,112,Stoke Stabbers,Staffordshire University,1,,,,,,,,,,,,,,,,,,,,,,,,,,,,,,,,,,,,,,,,,,,
,,,,,,,,,,,,,,,,,,,,,131,Flying Scouser,University Of Liverpool,,,,,,,,33,Bright0n Pirates,University Of Brighton,17,,,,,,,,,,,,,,,,,113,Cosmic Crunch,Loughborough University,,,,,,,,,,,,,,,,,,,,,,,,,,,,,,,,,,,,,,,,,,,,
,,,,,,,,,,,,,,,,,,,,,132,UEA EAGLES,University of East Anglia,,,,,,,,34,overEXEtenders,University Of Exeter,17,,,,,,,,,,,,,,,,,114,Deprexeter,University Of Exeter,,,,,,,,,,,,,,,,,,,,,,,,,,,,,,,,,,,,,,,,,,,,
,,,,,,,,,,,,,,,,,,,,,133,Novas With Attitude,University Of Warwick,,,,,,,,35,Shower Adventure,University Of Bath,16,,,,,,,,,,,,33,SotonSonic Legends,University Of Southampton,17,,115,Nottcases,University Of Nottingham,,,,,,,,,,,,,,,,,,,,,,,,,,,,,,,,,,,,,,,,,,,,
,,,,,,,,,,,,,,,,,,,,,134,Warwick W0lves 2,University Of Warwick,,,,,,,,36,Cambridge Ravens Red,University Of Cambridge,16,,,,,,,,,,,,34,Abracadabra Thank God For Code o Conduct,University Of Warwick,17,,116,Portsmouth Pioneers,University Of Portsmouth,,,,,,,,,,,,,,,,,,,,,,,,,,,,,,,,,,,,,,,,,,,,
,,,,,,,,,,,,,,,,,,,,,135,KentuckyFriedChicken,University Of Kent,,,,,,,,37,Ravenous Sharks,University Of Sussex,15,,,,,,,,,,,,35,Chicken Tikka Surrey,University Of Surrey,16,,117,NUEL Casual Team,University Of Warwick,,,,,,,,,,,,,,,,,,,,,,,,,,,,,,,,,,,,,,,,,,,,
,,,,,,,,,,,,,,,,,,,,,136,UORejects,University Of Gloucestershire,,,,,,,,38,League Fire 1,Coventry University,15,,,,,,,,,,,,36,im the reason shes your exe,University Of Exeter,16,,118,Aston Prophets,Aston University,,,,,,,,,,,,,,,,,,,,,,,,,,,,,,,,,,,,,,,,,,,,
,,,,,,,,,,,,,,,,,,,,,137,Five Guys,Loughborough University,,,,,,,,39,Tech Park Tyrants,University Of Chichester,14,,,,,,,,,,,,37,Northampton Gorillas,University Of Northampton,15,,119,Sorrey,University Of Surrey,,,,,,,,,,,,,,,,,,,,,,,,,,,,,,,,,,,,,,,,,,,,
,,,,,,,,,,,,,,,,,,,,,138,we_tried,Imperial College London,,,,,,,,40,KCLPurple,Kings College London,14,,,,,,,,,,,,38,Discardiff,Cardiff University,15,,120,Roehampton Chimeras,Roehampton University,,,,,,,,,,,,,,,,,,,,,,,,,,,,,,,,,,,,,,,,,,,,
,,,,,,,,,,,,,,,,,,,,,139,Brookes Team 3,Oxford Brookes University,,,,,,,,41,Feral Warwick,University Of Warwick,13,,,,,,,,,,,,39,Sussex Kitefins,University Of Sussex,14,,121,Kentinels,University Of Kent,,,,,,,,,,,,,,,,,,,,,,,,,,,,,,,,,,,,,,,,,,,,
,,,,,,,,,,,,,,,,,,,,,140,The Harriers,Lancaster University,,,,,,,,42,Whose Toes are Those,Cardiff University,13,,,,,,,,,,,,40,Valiant Paladin,University Of Surrey,14,,122,Turbolow Troopers,Cardiff University,,,,,,,,,,,,,,,,,,,,,,,,,,,,,,,,,,,,,,,,,,,,
,,,,,,,,,,,,,,,,,,,,,141,Team C,Brunel University,,,,,,,,43,SVGE LoL YELLOW,University Of Southampton,12,,,,,,,,,,,,41,UWE SeaStags Blue,University Of The West Of England,13,,123,UnderStags,University Of Hertfordshire,,,,,,,,,,,,,,,,,,,,,,,,,,,,,,,,,,,,,,,,,,,,
,,,,,,,,,,,,,,,,,,,,,142,Sussex Rays,University of Sussex,,,,,,,,44,Jammy Dodgers,University Of Brighton,12,,,,,,,,,,,,42,Essex Katanas,University Of Essex,13,,124,unlucky really,Lancaster University,,,,,,,,,,,,,,,,,,,,,,,,,,,,,,,,,,,,,,,,,,,,
,,,,,,,,,,,,,,,,,,,,,143,Longjohns Silvers,Loughborough University,,,,,,,,45,UCL Red,University College London,11,,,,,,,,,,,,43,Ruskin Ravens Red,Anglia Ruskin University,12,,125,dmmortals,De Montfort University,,,,,,,,,,,,,,,,,,,,,,,,,,,,,,,,,,,,,,,,,,,,
,,,,,,,,,,,,,,,,,,,,,,,,,,,,,,,46,KCL Apelsin,Kings College London,11,,,,,,,,,,,,44,Brighton Babes v3,University Of Brighton,12,,126,Royal Bears Val,Royal Holloway University Of London,,,,,,,,,,,,,,,,,,,,,,,,,,,,,,,,,,,,,,,,,,,,
,,,,,,,,,,,,,,,,,,,,,,,,,,,,,,,47,Bootleg Coventry Phoenix,Coventry University,10,,,,,,,,,,,,45,Coventry Phoenix RL,Coventry University,11,,127,UCL Team B,University College London,,,,,,,,,,,,,,,,,,,,,,,,,,,,,,,,,,,,,,,,,,,,
,,,,,,,,,,,,,,,,,,,,,,,,,,,,,,,48,UCL Gold,University College London,10,,,,,,,,,,,,46,Queen Marys Gambit,Queen Mary University Of London,11,,128,Among Us Happy Meal At 3 Am,University Of Hertfordshire,,,,,,,,,,,,,,,,,,,,,,,,,,,,,,,,,,,,,,,,,,,,
,,,,,,,,,,,,,,,,,,,,,,,,,,,,,,,49,Aberlitzcrank,Aberystwyth University,9,,,,,,,,,,,,47,nO U,Oxford University,10,,129,Placeholder_name_UoLeicValorantTeam1,University Of Leicester,,,,,,,,,,,,,,,,,,,,,,,,,,,,,,,,,,,,,,,,,,,,
,,,,,,,,,,,,,,,,,,,,,,,,,,,,,,,50,Roehampton Dragons,Roehampton University,9,,,,,,,,,,,,48,SotonStation Gaming,University Of Southampton,10,,130,Starks,University Of Leeds,,,,,,,,,,,,,,,,,,,,,,,,,,,,,,,,,,,,,,,,,,,,
,,,,,,,,,,,,,,,,,,,,,,,,,,,,,,,51,Rift Slayers,University Of Sussex,8,,,,,,,,,,,,49,Oxford Brookes Vipers Team 6,Oxford Brookes University,9,,131,100 BURGLARS,Loughborough University,,,,,,,,,,,,,,,,,,,,,,,,,,,,,,,,,,,,,,,,,,,,
,,,,,,,,,,,,,,,,,,,,,,,,,,,,,,,52,Roehampton Wendigos,Roehampton University,8,,,,,,,,,,,,50,IC Orbitals,Imperial College London,8,,132,Southampton Shadows,University Of Southampton,,,,,,,,,,,,,,,,,,,,,,,,,,,,,,,,,,,,,,,,,,,,
,,,,,,,,,,,,,,,,,,,,,,,,,,,,,,,53,Swansea Little Pogchamps,Swansea University,7,,,,,,,,,,,,51,Ruskin Ravens Pink,Anglia Ruskin University,7,,133,Avro,Lancaster University,,,,,,,,,,,,,,,,,,,,,,,,,,,,,,,,,,,,,,,,,,,,
,,,,,,,,,,,,,,,,,,,,,,,,,,,,,,,54,Buff Ryze,University Of Kent,7,,,,,,,,,,,,52,Royal Bears Academy,Royal Holloway University Of London,6,,134,BU Shorty,Bournemouth University,,,,,,,,,,,,,,,,,,,,,,,,,,,,,,,,,,,,,,,,,,,,
,,,,,,,,,,,,,,,,,,,,,,,,,,,,,,,55,BUilt Different,Bournemouth University,6,,,,,,,,,,,,53,High Octane,University Of Warwick,6,,135,KCL Black Adders,Kings College London,,,,,,,,,,,,,,,,,,,,,,,,,,,,,,,,,,,,,,,,,,,,
,,,,,,,,,,,,,,,,,,,,,,,,,,,,,,,56,Airport speedrun,Queen Mary University Of London,6,,,,,,,,,,,,54,Better Than Nothing,Cardiff University,5,,136,KCL Grey,Kings College London,,,,,,,,,,,,,,,,,,,,,,,,,,,,,,,,,,,,,,,,,,,,
,,,,,,,,,,,,,,,,,,,,,,,,,,,,,,,57,A Vibe,University Of Kent,6,,,,,,,,,,,,55,Aber Apes,Aberystwyth University,5,,137,Teesside B,Teesside University,,,,,,,,,,,,,,,,,,,,,,,,,,,,,,,,,,,,,,,,,,,,
,,,,,,,,,,,,,,,,,,,,,,,,,,,,,,,58,Iron Swan Wings,Swansea University,6,,,,,,,,,,,,56,Winchester Warriors,University Of Winchester,4,,138,Portsmouth Penguins,University Of Portsmouth,,,,,,,,,,,,,,,,,,,,,,,,,,,,,,,,,,,,,,,,,,,,
,,,,,,,,,,,,,,,,,,,,,,,,,,,,,,,59,Falmouth Phoenix,FXU (Falmouth & Exeter Student's Union),5,,,,,,,,,,,,57,UWE Sea Stags Green,University Of The West Of England,4,,139,Smeg Hill,Edge Hill University,,,,,,,,,,,,,,,,,,,,,,,,,,,,,,,,,,,,,,,,,,,,
,,,,,,,,,,,,,,,,,,,,,,,,,,,,,,,60,Sussy Fortnite Balls,University Of Northampton,5,,,,,,,,,,,,58,Portsmouth Parsnips,University Of Portsmouth,3,,140,Aston Guardians,Aston University,,,,,,,,,,,,,,,,,,,,,,,,,,,,,,,,,,,,,,,,,,,,
,,,,,,,,,,,,,,,,,,,,,,,,,,,,,,,61,Platinum Disco,University Of Exeter,5,,,,,,,,,,,,59,Plymouth Conga Eels,University Of Plymouth,3,,141,Skenglem,Sheffield Hallam University,,,,,,,,,,,,,,,,,,,,,,,,,,,,,,,,,,,,,,,,,,,,
,,,,,,,,,,,,,,,,,,,,,,,,,,,,,,,62,slash all,Imperial College London,5,,,,,,,,,,,,60,Boosted,Swansea University,2,,142,MMU Team 1,Manchester Metropolitan University,,,,,,,,,,,,,,,,,,,,,,,,,,,,,,,,,,,,,,,,,,,,
,,,,,,,,,,,,,,,,,,,,,,,,,,,,,,,63,Deathwish,University Of Reading,4,,,,,,,,,,,,61,IC NUT,Imperial College London,2,,143,Manneh,Manchester Metropolitan University,,,,,,,,,,,,,,,,,,,,,,,,,,,,,,,,,,,,,,,,,,,,
,,,,,,,,,,,,,,,,,,,,,,,,,,,,,,,64,Sussy Amogus Bakas,University Of Northampton,4,,,,,,,,,,,,62,Portsmouth Prawns,University Of Portsmouth,1,,144,KasbahPeek,Coventry University,,,,,,,,,,,,,,,,,,,,,,,,,,,,,,,,,,,,,,,,,,,,
,,,,,,,,,,,,,,,,,,,,,,,,,,,,,,,65,Hertsnia,University Of Hertfordshire,4,,,,,,,,,,,,63,Oxford Brookes Vipers Team 1,Oxford Brookes University,1,,145,MarshallOnly,University Of Manchester,,,,,,,,,,,,,,,,,,,,,,,,,,,,,,,,,,,,,,,,,,,,
,,,,,,,,,,,,,,,,,,,,,,,,,,,,,,,66,Silversung Galaxy,Cardiff University,4,,,,,,,,,,,,64,Roe Celestia,Roehampton University,5,,146,BT2,Brunel University,,,,,,,,,,,,,,,,,,,,,,,,,,,,,,,,,,,,,,,,,,,,
,,,,,,,,,,,,,,,,,,,,,,,,,,,,,,,67,Marauder Warwick,University Of Warwick,3,,,,,,,,,,,,65,Sussex Threshers,University Of Sussex,5,,147,QM SILVER SMURFERS,Queen Mary University Of London,,,,,,,,,,,,,,,,,,,,,,,,,,,,,,,,,,,,,,,,,,,,
,,,,,,,,,,,,,,,,,,,,,,,,,,,,,,,68,Bob Does Ket,University Of Surrey,3,,,,,,,,,,,,66,The Swansea Oblivion,Swansea University,4,,148,Bristol Team 3,University Of Bristol,,,,,,,,,,,,,,,,,,,,,,,,,,,,,,,,,,,,,,,,,,,,
,,,,,,,,,,,,,,,,,,,,,,,,,,,,,,,69,Team Aced,University Of Kent,3,,,,,,,,,,,,67,Bath Ducks,University Of Bath,4,,149,Swansea Sandstorm,Swansea University,,,,,,,,,,,,,,,,,,,,,,,,,,,,,,,,,,,,,,,,,,,,
,,,,,,,,,,,,,,,,,,,,,,,,,,,,,,,70,Rising Sharks,University Of Sussex,3,,,,,,,,,,,,68,Portsmouth Persian Melons,University Of Portsmouth,3,,150,Wolves of Whiff Street,University Of Leeds,,,,,,,,,,,,,,,,,,,,,,,,,,,,,,,,,,,,,,,,,,,,
,,,,,,,,,,,,,,,,,,,,,,,,,,,,,,,71,ROEHALAMPTON,Roehampton University,2,,,,,,,,,,,,69,Zero Skill,Swansea University,3,,151,UCLementals,University College London,,,,,,,,,,,,,,,,,,,,,,,,,,,,,,,,,,,,,,,,,,,,
,,,,,,,,,,,,,,,,,,,,,,,,,,,,,,,72,Brunel Panda Party,Brunel University,2,,,,,,,,,,,,70,Middlesex Mafia Green,Middlesex University,2,,152,UOY 5s,University Of York,,,,,,,,,,,,,,,,,,,,,,,,,,,,,,,,,,,,,,,,,,,,
,,,,,,,,,,,,,,,,,,,,,,,,,,,,,,,73,Westminster Dragons,University Of Westminster,2,,,,,,,,,,,,71,Glos Goats,University Of Gloucestershire,2,,153,We See Red,Imperial College London,,,,,,,,,,,,,,,,,,,,,,,,,,,,,,,,,,,,,,,,,,,,
,,,,,,,,,,,,,,,,,,,,,,,,,,,,,,,74,Swansea ran out of names,Swansea University,2,,,,,,,,,,,,72,Monki Flip,Swansea University,1,,154,Squidward,Coventry University,,,,,,,,,,,,,,,,,,,,,,,,,,,,,,,,,,,,,,,,,,,,
,,,,,,,,,,,,,,,,,,,,,,,,,,,,,,,75,Tahm Kentch,University Of Kent,1,,,,,,,,,,,,73,NO MATCH SCHEDULED,University Of Warwick,1,,155,BCU1,Birmingham City University,,,,,,,,,,,,,,,,,,,,,,,,,,,,,,,,,,,,,,,,,,,,
,,,,,,,,,,,,,,,,,,,,,,,,,,,,,,,76,Gold EXEperience,University Of Exeter,1,,,,,,,,,,,,74,IC Team 5,Imperial College London,,,156,Derby Raptors A Team,University Of Derby,,,,,,,,,,,,,,,,,,,,,,,,,,,,,,,,,,,,,,,,,,,,
,,,,,,,,,,,,,,,,,,,,,,,,,,,,,,,77,T3 Solid,University Of Brighton,1,,,,,,,,,,,,75,Brunel Bottlers B Team,Brunel University,,,157,Road To Unrated,Birmingham City University,,,,,,,,,,,,,,,,,,,,,,,,,,,,,,,,,,,,,,,,,,,,
,,,,,,,,,,,,,,,,,,,,,,,,,,,,,,,78,Aggressively Mediocre Owls,Oxford University,1,,,,,,,,,,,,76,Carbridge,University Of Cambridge,,,158,Durham Dodgers,Durham University,,,,,,,,,,,,,,,,,,,,,,,,,,,,,,,,,,,,,,,,,,,,
,,,,,,,,,,,,,,,,,,,,,,,,,,,,,,,79,Surrender,University Of Surrey,,,,,,,,,,,,,77,Glad I didnt go to Brunel,Brunel University,,,159,Azros Angels,Newcastle University,,,,,,,,,,,,,,,,,,,,,,,,,,,,,,,,,,,,,,,,,,,,
,,,,,,,,,,,,,,,,,,,,,,,,,,,,,,,80,SVGE LoL ORANGE,University Of Southampton,,,,,,,,,,,,,78,Swansea Value,Swansea University,,,160,team dot exe,University Of Exeter,,,,,,,,,,,,,,,,,,,,,,,,,,,,,,,,,,,,,,,,,,,,
,,,,,,,,,,,,,,,,,,,,,,,,,,,,,,,81,Middlesex Mafia Cyan,Middlesex University,,,,,,,,,,,,,79,Aberiginals,Aberystwyth University,,,161,Roehampton Phantoms,Roehampton University,,,,,,,,,,,,,,,,,,,,,,,,,,,,,,,,,,,,,,,,,,,,
,,,,,,,,,,,,,,,,,,,,,,,,,,,,,,,82,Rabbit,Brunel University,,,,,,,,,,,,,80,Portsmouth Pistachios,University Of Portsmouth,,,162,South Bank Elephants Valorant Team C,London South Bank University,,,,,,,,,,,,,,,,,,,,,,,,,,,,,,,,,,,,,,,,,,,,
,,,,,,,,,,,,,,,,,,,,,,,,,,,,,,,83,Portsmouth Inters,University Of Portsmouth,,,,,,,,,,,,,81,Kingston Kriminals,Kingston University,,,163,Swansea Singularity,Swansea University,,,,,,,,,,,,,,,,,,,,,,,,,,,,,,,,,,,,,,,,,,,,
,,,,,,,,,,,,,,,,,,,,,,,,,,,,,,,84,Hench and Benched,University Of Kent,,,,,,,,,,,,,82,Essex Eliminators,University Of Essex,,,164,Surrey not sorry,University Of Surrey,,,,,,,,,,,,,,,,,,,,,,,,,,,,,,,,,,,,,,,,,,,,
,,,,,,,,,,,,,,,,,,,,,,,,,,,,,,,85,UWE Sea Stags Red,University Of The West Of England,,,,,,,,,,,,,83,Cambs Carballers,University Of Cambridge,,,165,Chi Stingers,University Of Chichester,,,,,,,,,,,,,,,,,,,,,,,,,,,,,,,,,,,,,,,,,,,,
,,,,,,,,,,,,,,,,,,,,,,,,,,,,,,,86,Portsmouth Pirates,University Of Portsmouth,,,,,,,,,,,,,84,Bristol Rocket Bees,University Of Bristol,,,166,Bronze 1 gatekeepers,Swansea University,,,,,,,,,,,,,,,,,,,,,,,,,,,,,,,,,,,,,,,,,,,,
,,,,,,,,,,,,,,,,,,,,,,,,,,,,,,,87,Reading 2,University Of Reading,,,,,,,,,,,,,,,,,,167,SVGE Orange,University Of Southampton,,,,,,,,,,,,,,,,,,,,,,,,,,,,,,,,,,,,,,,,,,,,
,,,,,,,,,,,,,,,,,,,,,,,,,,,,,,,88,The Red Buffs,University Of Brighton,,,,,,,,,,,,,,,,,,168,SOTONBlue,University Of Southampton,,,,,,,,,,,,,,,,,,,,,,,,,,,,,,,,,,,,,,,,,,,,
,,,,,,,,,,,,,,,,,,,,,,,,,,,,,,,89,Team Not You,Cardiff University,,,,,,,,,,,,,,,,,,,,,,,,,,,,,,,,,,,,,,,,,,,,,,,,,,,,,,,,,,,,,,,,
,,,,,,,,,,,,,,,,,,,,,,,,,,,,,,,90,Papa Johns Warwick,University Of Warwick,,,,,,,,,,,,,,,,,,,,,,,,,,,,,,,,,,,,,,,,,,,,,,,,,,,,,,,,,,,,,,,,
,,,,,,,,,,,,,,,,,,,,,,,,,,,,,,,91,Chonky Sharks,University Of Sussex,,,,,,,,,,,,,,,,,,,,,,,,,,,,,,,,,,,,,,,,,,,,,,,,,,,,,,,,,,,,,,,,
,,,,,,,,,,,,,,,,,,,,,,,,,,,,,,,92,Coventry Ground Zero,Coventry University,,,,,,,,,,,,,,,,,,,,,,,,,,,,,,,,,,,,,,,,,,,,,,,,,,,,,,,,,,,,,,,,
,,,,,,,,,,,,,,,,,,,,,,,,,,,,,,,93,Car Zix Crusaders,Cardiff University,,,,,,,,,,,,,,,,,,,,,,,,,,,,,,,,,,,,,,,,,,,,,,,,,,,,,,,,,,,,,,,,
,,,,,,,,,,,,,,,,,,,,,,,,,,,,,,,94,SVGE LoL BLUE,University Of Southampton,,,,,,,,,,,,,,,,,,,,,,,,,,,,,,,,,,,,,,,,,,,,,,,,,,,,,,,,,,,,,,,,
,,,,,,,,,,,,,,,,,,,,,,,,,,,,,,,95,BU Blackfrosts,Bournemouth University,,,,,,,,,,,,,,,,,,,,,,,,,,,,,,,,,,,,,,,,,,,,,,,,,,,,,,,,,,,,,,,,
,,,,,,,,,,,,,,,,,,,,,,,,,,,,,,,96,Hyena Warwick,University Of Warwick,,,,,,,,,,,,,,,,,,,,,,,,,,,,,,,,,,,,,,,,,,,,,,,,,,,,,,,,,,,,,,,,
,,,,,,,,,,,,,,,,,,,,,,,,,,,,,,,97,I miss my EXE,University Of Exeter,,,,,,,,,,,,,,,,,,,,,,,,,,,,,,,,,,,,,,,,,,,,,,,,,,,,,,,,,,,,,,,,
,,,,,,,,,,,,,,,,,,,,,,,,,,,,,,,98,SURREY CHADS,University Of Surrey,,,,,,,,,,,,,,,,,,,,,,,,,,,,,,,,,,,,,,,,,,,,,,,,,,,,,,,,,,,,,,,,
,,,,,,,,,,,,,,,,,,,,,,,,,,,,,,,99,run it down for roe,Roehampton University,,,,,,,,,,,,,,,,,,,,,,,,,,,,,,,,,,,,,,,,,,,,,,,,,,,,,,,,,,,,,,,,
,,,,,,,,,,,,,,,,,,,,,,,,,,,,,,,100,Imperial Mandate,Imperial College London,,,,,,,,,,,,,,,,,,,,,,,,,,,,,,,,,,,,,,,,,,,,,,,,,,,,,,,,,,,,,,,,
,,,,,,,,,,,,,,,,,,,,,,,,,,,,,,,,,,,,,,,,,,,,,,,,,,,,,,,,,,,,,,,,,,,,,,,,,,,,,,,,,,,,,,,,,,,,,,,,,
,,,,,,,,,,,,,,,,,,,,,,,,,,,,,,,,,,,,,,,,,,,,,,,,,,,,,,,,,,,,,,,,,,,,,,,,,,,,,,,,,,,,,,,,,,,,,,,,,
,,,,,,,,,,,,,,,,,,,,,,,,,,,,,,,,,,,,,,,,,,,,,,,,,,,,,,,,,,,,,,,,,,,,,,,,,,,,,,,,,,,,,,,,,,,,,,,,,
,,,,,,,,,,,,,,,,,,,,,,,,,,,,,,,,,,,,,,,,,,,,,,,,,,,,,,,,,,,,,,,,,,,,,,,,,,,,,,,,,,,,,,,,,,,,,,,,,
,,,,,,,,,,,,,,,,,,,,,,,,,,,,,,,,,,,,,,,,,,,,,,,,,,,,,,,,,,,,,,,,,,,,,,,,,,,,,,,,,,,,,,,,,,,,,,,,,
,,,,,,,,,,,,,,,,,,,,,,,,,,,,,,,,,,,,,,,,,,,,,,,,,,,,,,,,,,,,,,,,,,,,,,,,,,,,,,,,,,,,,,,,,,,,,,,,,
,,,,,,,,,,,,,,,,,,,,,,,,,,,,,,,,,,,,,,,,,,,,,,,,,,,,,,,,,,,,,,,,,,,,,,,,,,,,,,,,,,,,,,,,,,,,,,,,,
,,,,,,,,,,,,,,,,,,,,,,,,,,,,,,,,,,,,,,,,,,,,,,,,,,,,,,,,,,,,,,,,,,,,,,,,,,,,,,,,,,,,,,,,,,,,,,,,,
,,,,,,,,,,,,,,,,,,,,,,,,,,,,,,,,,,,,,,,,,,,,,,,,,,,,,,,,,,,,,,,,,,,,,,,,,,,,,,,,,,,,,,,,,,,,,,,,,
,,,,,,,,,,,,,,,,,,,,,,,,,,,,,,,,,,,,,,,,,,,,,,,,,,,,,,,,,,,,,,,,,,,,,,,,,,,,,,,,,,,,,,,,,,,,,,,,,
,,,,,,,,,,,,,,,,,,,,,,,,,,,,,,,,,,,,,,,,,,,,,,,,,,,,,,,,,,,,,,,,,,,,,,,,,,,,,,,,,,,,,,,,,,,,,,,,,
,,,,,,,,,,,,,,,,,,,,,,,,,,,,,,,,,,,,,,,,,,,,,,,,,,,,,,,,,,,,,,,,,,,,,,,,,,,,,,,,,,,,,,,,,,,,,,,,,
,,,,,,,,,,,,,,,,,,,,,,,,,,,,,,,,,,,,,,,,,,,,,,,,,,,,,,,,,,,,,,,,,,,,,,,,,,,,,,,,,,,,,,,,,,,,,,,,,
,,,,,,,,,,,,,,,,,,,,,,,,,,,,,,,,,,,,,,,,,,,,,,,,,,,,,,,,,,,,,,,,,,,,,,,,,,,,,,,,,,,,,,,,,,,,,,,,,
,,,,,,,,,,,,,,,,,,,,,,,,,,,,,,,,,,,,,,,,,,,,,,,,,,,,,,,,,,,,,,,,,,,,,,,,,,,,,,,,,,,,,,,,,,,,,,,,,
,,,,,,,,,,,,,,,,,,,,,,,,,,,,,,,,,,,,,,,,,,,,,,,,,,,,,,,,,,,,,,,,,,,,,,,,,,,,,,,,,,,,,,,,,,,,,,,,,
,,,,,,,,,,,,,,,,,,,,,,,,,,,,,,,,,,,,,,,,,,,,,,,,,,,,,,,,,,,,,,,,,,,,,,,,,,,,,,,,,,,,,,,,,,,,,,,,,
,,,,,,,,,,,,,,,,,,,,,,,,,,,,,,,,,,,,,,,,,,,,,,,,,,,,,,,,,,,,,,,,,,,,,,,,,,,,,,,,,,,,,,,,,,,,,,,,,
,,,,,,,,,,,,,,,,,,,,,,,,,,,,,,,,,,,,,,,,,,,,,,,,,,,,,,,,,,,,,,,,,,,,,,,,,,,,,,,,,,,,,,,,,,,,,,,,,
,,,,,,,,,,,,,,,,,,,,,,,,,,,,,,,,,,,,,,,,,,,,,,,,,,,,,,,,,,,,,,,,,,,,,,,,,,,,,,,,,,,,,,,,,,,,,,,,,
,,,,,,,,,,,,,,,,,,,,,,,,,,,,,,,,,,,,,,,,,,,,,,,,,,,,,,,,,,,,,,,,,,,,,,,,,,,,,,,,,,,,,,,,,,,,,,,,,
,,,,,,,,,,,,,,,,,,,,,,,,,,,,,,,,,,,,,,,,,,,,,,,,,,,,,,,,,,,,,,,,,,,,,,,,,,,,,,,,,,,,,,,,,,,,,,,,,
,,,,,,,,,,,,,,,,,,,,,,,,,,,,,,,,,,,,,,,,,,,,,,,,,,,,,,,,,,,,,,,,,,,,,,,,,,,,,,,,,,,,,,,,,,,,,,,,,
,,,,,,,,,,,,,,,,,,,,,,,,,,,,,,,,,,,,,,,,,,,,,,,,,,,,,,,,,,,,,,,,,,,,,,,,,,,,,,,,,,,,,,,,,,,,,,,,,
,,,,,,,,,,,,,,,,,,,,,,,,,,,,,,,,,,,,,,,,,,,,,,,,,,,,,,,,,,,,,,,,,,,,,,,,,,,,,,,,,,,,,,,,,,,,,,,,,
,,,,,,,,,,,,,,,,,,,,,,,,,,,,,,,,,,,,,,,,,,,,,,,,,,,,,,,,,,,,,,,,,,,,,,,,,,,,,,,,,,,,,,,,,,,,,,,,,
,,,,,,,,,,,,,,,,,,,,,,,,,,,,,,,,,,,,,,,,,,,,,,,,,,,,,,,,,,,,,,,,,,,,,,,,,,,,,,,,,,,,,,,,,,,,,,,,,
,,,,,,,,,,,,,,,,,,,,,,,,,,,,,,,,,,,,,,,,,,,,,,,,,,,,,,,,,,,,,,,,,,,,,,,,,,,,,,,,,,,,,,,,,,,,,,,,,
,,,,,,,,,,,,,,,,,,,,,,,,,,,,,,,,,,,,,,,,,,,,,,,,,,,,,,,,,,,,,,,,,,,,,,,,,,,,,,,,,,,,,,,,,,,,,,,,,
,,,,,,,,,,,,,,,,,,,,,,,,,,,,,,,,,,,,,,,,,,,,,,,,,,,,,,,,,,,,,,,,,,,,,,,,,,,,,,,,,,,,,,,,,,,,,,,,,
,,,,,,,,,,,,,,,,,,,,,,,,,,,,,,,,,,,,,,,,,,,,,,,,,,,,,,,,,,,,,,,,,,,,,,,,,,,,,,,,,,,,,,,,,,,,,,,,,
,,,,,,,,,,,,,,,,,,,,,,,,,,,,,,,,,,,,,,,,,,,,,,,,,,,,,,,,,,,,,,,,,,,,,,,,,,,,,,,,,,,,,,,,,,,,,,,,,
,,,,,,,,,,,,,,,,,,,,,,,,,,,,,,,,,,,,,,,,,,,,,,,,,,,,,,,,,,,,,,,,,,,,,,,,,,,,,,,,,,,,,,,,,,,,,,,,,
,,,,,,,,,,,,,,,,,,,,,,,,,,,,,,,,,,,,,,,,,,,,,,,,,,,,,,,,,,,,,,,,,,,,,,,,,,,,,,,,,,,,,,,,,,,,,,,,,
,,,,,,,,,,,,,,,,,,,,,,,,,,,,,,,,,,,,,,,,,,,,,,,,,,,,,,,,,,,,,,,,,,,,,,,,,,,,,,,,,,,,,,,,,,,,,,,,,
,,,,,,,,,,,,,,,,,,,,,,,,,,,,,,,,,,,,,,,,,,,,,,,,,,,,,,,,,,,,,,,,,,,,,,,,,,,,,,,,,,,,,,,,,,,,,,,,,
,,,,,,,,,,,,,,,,,,,,,,,,,,,,,,,,,,,,,,,,,,,,,,,,,,,,,,,,,,,,,,,,,,,,,,,,,,,,,,,,,,,,,,,,,,,,,,,,,
,,,,,,,,,,,,,,,,,,,,,,,,,,,,,,,,,,,,,,,,,,,,,,,,,,,,,,,,,,,,,,,,,,,,,,,,,,,,,,,,,,,,,,,,,,,,,,,,,
,,,,,,,,,,,,,,,,,,,,,,,,,,,,,,,,,,,,,,,,,,,,,,,,,,,,,,,,,,,,,,,,,,,,,,,,,,,,,,,,,,,,,,,,,,,,,,,,,
,,,,,,,,,,,,,,,,,,,,,,,,,,,,,,,,,,,,,,,,,,,,,,,,,,,,,,,,,,,,,,,,,,,,,,,,,,,,,,,,,,,,,,,,,,,,,,,,,
,,,,,,,,,,,,,,,,,,,,,,,,,,,,,,,,,,,,,,,,,,,,,,,,,,,,,,,,,,,,,,,,,,,,,,,,,,,,,,,,,,,,,,,,,,,,,,,,,
,,,,,,,,,,,,,,,,,,,,,,,,,,,,,,,,,,,,,,,,,,,,,,,,,,,,,,,,,,,,,,,,,,,,,,,,,,,,,,,,,,,,,,,,,,,,,,,,,
,,,,,,,,,,,,,,,,,,,,,,,,,,,,,,,,,,,,,,,,,,,,,,,,,,,,,,,,,,,,,,,,,,,,,,,,,,,,,,,,,,,,,,,,,,,,,,,,,
,,,,,,,,,,,,,,,,,,,,,,,,,,,,,,,,,,,,,,,,,,,,,,,,,,,,,,,,,,,,,,,,,,,,,,,,,,,,,,,,,,,,,,,,,,,,,,,,,
,,,,,,,,,,,,,,,,,,,,,,,,,,,,,,,,,,,,,,,,,,,,,,,,,,,,,,,,,,,,,,,,,,,,,,,,,,,,,,,,,,,,,,,,,,,,,,,,,
,,,,,,,,,,,,,,,,,,,,,,,,,,,,,,,,,,,,,,,,,,,,,,,,,,,,,,,,,,,,,,,,,,,,,,,,,,,,,,,,,,,,,,,,,,,,,,,,,
,,,,,,,,,,,,,,,,,,,,,,,,,,,,,,,,,,,,,,,,,,,,,,,,,,,,,,,,,,,,,,,,,,,,,,,,,,,,,,,,,,,,,,,,,,,,,,,,,
,,,,,,,,,,,,,,,,,,,,,,,,,,,,,,,,,,,,,,,,,,,,,,,,,,,,,,,,,,,,,,,,,,,,,,,,,,,,,,,,,,,,,,,,,,,,,,,,,
Published by Google SheetsReport AbuseUpdated automatically every 5 minutes,,,,,,,,,,,,,,,,,,,,,,,,,,,,,,,,,,,,,,,,,,,,,,,,,,,,,,,,,,,,,,,,,,,,,,,,,,,,,,,,,,,,,,,,,,,,,,,,,
